,stimulus,Green,Cucumber,Herbal,Mint,Woody,Pine,Floral,Powdery,Fruity,Citrus,Tropical,Berry,Peach,Sweet,Caramellic,Vanilla,BrownSpice,Smoky,Burnt,Roasted,Grainy,Meaty,Nutty,Fatty,Coconut,Waxy,Dairy,Buttery,Cheesy,Sour,Fermented,Sulfurous,Garlic.Onion,Earthy,Mushroom,Musty,Ammonia,Fishy,Fecal,Rotten.Decay,Rubber,Phenolic,Animal,Medicinal,Cooling,Sharp,Chlorine,Alcoholic,Plastic,Ozone,Metallic
0,AA034,0.6208488,0.47276193,0.96630824,0.6210751,0.4500445,0.6046431,1.1501635,0.33931884,0.7848128,0.983008,0.41643515,0.5685902,0.18310797,1.021708,0.22246985,0.27218103,0.38929367,0.28213716,0.15155736,0.06263917,0.11995123,0.034029923,0.08721093,0.00036602467,0.07211514,0.16903368,0.34298044,0.15876856,0.18846126,0.19903249,0.10987226,0.12449224,0.54188025,0.08710313,0.06964752,0.31444526,0.19629799,0.08663346,0.07328408,0.29436305,0.13610697,0.18848209,0.09203707,0.4849431,0.46429873,0.49395707,0.17926952,0.6399457,0.2241874,0.15934992,0.11879469
1,AA160,0.40528026,0.0,0.4746012,0.3504871,0.32464328,0.18991822,0.12829405,0.18272904,0.0,0.0477826,0.0,0.0,0.0,0.40664434,0.110609904,0.14552227,0.08022669,0.112818316,0.09163797,0.09374307,0.083580405,0.08765778,0.11955648,0.020647623,0.0,0.04223621,0.24965167,0.037345063,0.23145334,0.30725414,0.09882029,0.08122186,0.006614208,0.19053295,0.07150151,0.60337585,0.059254438,0.05767797,0.11157032,0.37575272,0.23724909,0.11047794,0.104584575,0.025604451,0.1453412,0.16325864,0.047444828,0.0,0.18330581,0.07418853,0.092404686
2,AA232,0.281074,0.0,0.18812576,0.21794677,0.21754089,0.1274792,0.53316325,0.39124167,0.43945718,0.045091107,0.094700456,0.19320752,0.03586199,0.73524165,0.16311654,0.16280614,0.06085725,0.20518719,0.32185957,0.28114623,0.32239994,0.15336567,0.27226,0.09735231,0.048229992,0.18946564,0.14731824,0.05098395,0.26458305,0.23255198,0.18449566,0.26716197,0.5577414,0.41095787,0.2054642,0.5299312,0.23074444,0.17171076,0.09444704,0.35151634,0.31298852,0.30284116,0.2932253,0.41812834,0.31895673,0.34386292,0.17214066,0.2206763,0.32586205,0.12751149,0.12818621
3,AA379,0.3570156,0.0,0.5380228,0.58275574,0.47643167,0.23318507,0.44029135,0.48666254,0.0,0.10765499,0.0,0.0,0.0,0.6996341,0.22159511,0.34664124,0.32207423,0.7892362,0.2773181,0.32852322,0.19211704,0.30491087,0.040999845,0.08056527,0.08990808,0.32269728,0.2291629,0.22402579,0.1538509,0.2218574,0.08096437,0.14534853,0.5915494,0.20071891,0.058708172,0.5168538,0.15108514,0.10766791,0.074719705,0.22832215,0.30214828,0.37645152,0.20432656,0.7021899,0.5473064,0.46241942,0.16866285,0.52824396,0.27689928,0.19677211,0.1334341
4,AA387,0.16463718,0.37886614,0.16133428,2.859032,0.09132543,0.082636915,0.0040465295,0.21753506,0.059510708,0.0,0.05794878,0.045341134,0.024418062,0.5546556,0.024983004,0.0012294054,0.0007931143,0.09427802,0.21194118,0.20413603,0.1292137,0.21136212,0.02362363,0.104805216,0.033803403,0.01217404,0.49940288,0.165954,0.6560455,0.43731076,0.32461384,0.2899465,1.0247308,0.10340249,0.10336044,0.2098909,0.0993916,0.23988838,0.20954937,0.83124554,0.0007191673,0.0,0.15864076,0.13014102,0.97103673,0.12155464,0.0,0.025062531,0.0,0.043430112,0.056404117
5,AA420,0.7567982,2.2080562,0.38541573,0.25568748,0.30688655,0.17654721,0.75352955,0.51511455,0.6129127,0.2062186,0.2648878,0.15486021,0.15248565,0.8637354,0.036393836,0.112837546,0.101052344,0.037381306,0.058251157,0.0,0.0,0.0,0.0,0.039653666,0.07157566,0.193663,0.0,0.0052980576,0.0,0.14654508,0.024098644,0.043513417,0.10914326,0.11589737,0.02239247,0.29734108,0.13202327,0.07346849,0.012778185,0.0,0.18524587,0.22214726,0.07389549,0.53246665,0.48121,0.24718392,0.19889279,0.5188676,0.34115958,0.22528319,0.13683814
6,AA495,0.005417764,0.0,0.20812836,0.5237492,0.22784343,0.15189058,0.19447353,0.22914691,0.31774288,0.1709104,0.024055734,0.11891904,0.070120245,1.0030929,0.38560176,0.32627368,0.20192373,0.19916962,0.13302352,1.1028024,1.232131,0.15432967,0.8097422,0.36314958,0.24654803,0.43486643,0.19283214,0.62654203,0.30651295,0.17237134,0.21077335,0.15306006,0.53625894,0.13610286,0.1209172,0.4625796,0.17530857,0.07536249,0.03121803,0.11315465,0.15634912,0.20090158,0.08333244,0.46162483,0.5717366,0.34737158,0.14605139,0.49766642,0.22704352,0.068740934,0.0715694
7,AA592,0.39259857,0.24038738,0.3470074,0.0,0.2513317,0.13579176,0.6997824,0.43564317,0.26930195,0.19266716,0.061224554,0.038335685,0.061353583,0.5763079,0.014284626,0.014447555,0.077626966,0.095072195,0.14552101,0.09964367,0.15121593,0.21874693,0.113473795,0.30261663,0.08825995,0.22477038,0.3431898,0.10457993,0.38699973,0.3078965,0.18098852,0.37135458,0.6449634,0.3128093,0.1904397,0.49975863,0.15646705,0.26672214,0.10164993,0.609733,0.20758002,0.3251526,0.24965714,0.5268058,0.2936402,0.3559573,0.17020598,0.45522588,0.31373757,0.12137184,0.11926658
8,AB036,0.2581789,0.13230702,0.17040738,0.28045994,0.37363538,0.15610781,0.5838661,0.42598537,0.55372363,0.24236566,0.22606036,0.15279622,0.333241,1.1455626,0.49442637,0.36910027,0.23199974,0.14712507,0.18251322,0.32628253,0.29606253,0.023419045,0.36133868,0.30239254,0.46224904,0.998739,0.55751044,0.656584,0.62045336,0.36205995,0.05717881,0.11720301,0.44038522,0.17651035,0.16346037,0.5043961,0.20858593,0.010607466,0.13982052,0.39287844,0.16047797,0.17968667,0.08871561,0.54933083,0.3625948,0.3488576,0.27029794,0.57597953,0.26609123,0.2053593,0.1503523
9,AB193,0.2875102,0.0,0.06532878,0.0,0.10171318,0.047101967,0.6539296,0.3882534,0.13650629,0.09052831,0.0,0.0,0.05138787,0.61561435,0.15887485,0.16004762,0.09141194,0.10692881,0.1833362,0.35332423,0.2998702,0.17529142,0.2750534,0.1541917,0.09352004,0.21712434,0.6798354,0.1848709,0.551082,0.54113007,0.14389765,0.25472164,0.49489486,0.19394115,0.18294306,0.37409827,0.052121893,0.12804016,0.2545465,0.7971854,0.075808585,0.16582455,0.26722777,0.13195148,0.029710904,0.16584113,0.043104645,0.0034190118,0.1507383,0.05224044,0.09754448
10,AB357,0.37648717,0.0,0.58056694,2.1057944,0.37012023,0.2826759,0.40887463,0.2715781,0.4940944,0.0,0.16925102,0.2562306,0.06315142,0.87796867,0.1514652,0.2271713,0.1329777,0.08666387,0.03507866,0.015311459,0.017901864,0.0,0.0,0.0,0.0,0.0,0.0,0.0,0.0,0.03387101,0.1609257,0.002588436,0.080141366,0.14097983,0.01798674,0.32012773,0.15297037,0.0,0.0027039424,0.0,0.17345159,0.13543263,0.056405768,0.19185571,0.8820569,0.29169208,0.15145625,0.29145056,0.16546102,0.08574305,0.12683496
11,AB567,0.5780095,0.33153546,0.39438376,0.49136353,0.31218103,0.10445174,0.42603627,0.1931799,0.9767619,0.4060234,0.3097951,0.35341138,0.11824648,0.921437,0.13928944,0.14236239,0.1020222,0.0,0.02574931,0.41115382,0.43112645,0.2570772,0.34280849,0.38738257,0.053163357,0.17298177,0.36016837,0.16789237,0.48818958,0.34667665,0.42405692,0.30207938,0.80225706,0.24237302,0.16344076,0.53629905,0.20423797,0.11254425,0.07781199,0.44182643,0.14570482,0.32071814,0.15277898,0.35302246,0.25881705,0.26577908,0.18906534,0.31127727,0.29135895,0.18256819,0.12538446
12,AB618,0.75637877,1.9179366,0.55427426,0.17396295,0.3717336,0.13899691,0.50704193,0.2342296,0.80170715,0.3071238,0.33143505,0.21112797,0.09967889,0.9858165,0.15074112,0.15303138,0.13987552,0.0,0.0,0.111901425,0.19494802,0.08585416,0.15638095,0.1533204,0.03844044,0.16016957,0.020935208,0.0043617953,0.021574304,0.23191391,0.19157216,0.030807614,0.12605274,0.12309856,0.072549835,0.36891097,0.16799769,0.08602199,0.0,0.0,0.10316727,0.20007762,0.080782734,0.23091473,0.2834629,0.21477741,0.14711127,0.1984509,0.21517576,0.19201463,0.1158487
13,AB633,0.22393915,0.017293692,0.5051572,0.5099863,0.3751998,0.18221368,0.27654693,0.4341213,0.0,0.30064812,0.0,0.0,0.07070094,0.47104415,0.13537617,0.06451766,0.33100665,0.98300683,0.62984526,0.4535661,0.1801889,0.55193853,0.07942556,0.51077646,0.13292298,0.27704096,0.5432455,0.2096681,0.71386486,0.20855883,0.18853718,0.6474024,1.3114685,0.34247637,0.3729632,0.6809867,0.20593861,0.3697905,0.16783571,1.1252006,0.24891925,0.22211784,0.25570273,1.3504238,0.69732577,0.31619123,0.11333923,0.5664299,0.22618528,0.2211506,0.052177638
14,AB707,0.44345468,0.17275223,0.42095804,2.64527,0.24468732,0.18832508,0.2268901,0.32376897,0.3562641,0.18228436,0.11963851,0.06298001,0.08514696,0.9793509,0.18112725,0.25746274,0.19104697,0.22080113,0.23425296,0.42236805,0.49045435,0.2947582,0.2053099,0.22185814,0.09048365,0.112118214,0.28295723,0.22438827,0.31140077,0.19288537,0.2366987,0.26385772,0.6656623,0.17531115,0.10812116,0.304875,0.15677181,0.2773108,0.11770319,0.5476457,0.20044988,0.15867794,0.13754387,0.18475908,0.920555,0.36281586,0.1540475,0.5422863,0.15479708,0.14020851,0.081032656
15,AB731,0.43919018,0.044591606,0.5003215,0.30362135,0.31425056,0.14668097,0.22710262,0.19209152,0.25999758,0.10578081,0.032718666,0.024752345,0.0,0.640306,0.17520727,0.20907187,0.20464456,0.15616049,0.092212796,0.3362173,0.41431832,0.20080194,0.27558318,0.1197522,0.0,0.0,0.08504018,0.0022295266,0.0,0.25173762,0.19192445,0.13775124,0.1220026,0.22913837,0.09215018,0.4130595,0.14433797,0.14183855,0.0,0.17085388,0.22055478,0.3006748,0.10078873,0.13720018,0.28218162,0.4268332,0.117611855,0.40166622,0.22145429,0.11037658,0.100832924
16,AB744,0.5657798,0.11210585,0.6482918,0.47317183,0.53039336,0.2990249,0.58556736,0.52672094,0.19049726,0.06539522,0.0,0.060554918,0.022017933,0.7694063,0.19378267,0.31205767,0.3167017,0.39682734,0.08455911,0.441364,0.5476568,0.24433506,0.36467627,0.18025774,0.12734804,0.33039966,0.24234018,0.21411875,0.08000454,0.3095991,0.20173551,0.14715262,0.5485405,0.24842574,0.10852327,0.5872187,0.14390248,0.14789979,0.07491686,0.27139324,0.34073403,0.4324223,0.1709808,0.59361184,0.5339349,0.5013081,0.23361993,0.5988935,0.37294787,0.1777087,0.17802383
17,AC220,0.3699263,0.0,0.3163616,0.012026668,0.18274236,0.08413162,0.20132244,0.08469181,0.7665052,0.21043277,0.30137593,0.3626247,0.06891281,0.85180926,0.20459841,0.18708333,0.09395869,0.24567948,0.4129081,0.3820075,0.37599668,0.3070935,0.25644022,0.17350645,0.037956957,0.07451016,0.2074084,0.110699765,0.51342314,0.43049455,0.4997203,0.47947997,0.88470113,0.3403474,0.2088252,0.43624982,0.20442386,0.18880089,0.12261028,0.54101837,0.19480649,0.11332625,0.19455409,0.2190435,0.11740607,0.34152806,0.14088345,0.28355002,0.17224601,0.1292227,0.13589995
18,AC299,0.24738592,0.04835272,0.43578193,0.79552394,0.30980134,0.24712828,0.23348728,0.20402771,0.5544949,0.01688549,0.14457285,0.29729652,0.06733405,0.8749783,0.24522223,0.21683417,0.14730479,0.17091106,0.17992947,0.3245506,0.28439993,0.12732893,0.23851582,0.08407335,0.034964982,0.0733106,0.0,0.039504044,0.019752897,0.23893869,0.3134971,0.1883779,0.4472692,0.22424953,0.066817924,0.51868707,0.28144413,0.07507959,0.046850912,0.20837602,0.27890527,0.25188214,0.12981723,0.5363975,0.55294,0.3460961,0.14351887,0.39597774,0.2790452,0.1735736,0.13928154
19,AC327,0.5106752,0.018782675,0.6453995,0.0,0.42774296,0.17616448,0.33437496,0.3139513,0.57951784,0.1395396,0.16509877,0.19985107,0.03624931,1.1553564,0.3587765,0.5215777,0.50227743,0.4893446,0.2064713,0.34389243,0.39559674,0.18071711,0.23535965,0.12401615,0.08281239,0.24451627,0.1511727,0.116030075,0.21778671,0.24162878,0.24151583,0.034656912,0.16066504,0.14560013,0.023802236,0.58232075,0.038818758,0.010452427,0.013370484,0.080038995,0.2629304,0.18141007,0.054526657,0.2549241,0.05118466,0.23602617,0.110071726,0.22139171,0.22884566,0.1646691,0.10427362
20,AC394,0.62472093,0.28702974,0.4950678,0.24645603,0.30724257,0.13466258,0.15479816,0.2087304,0.31672168,0.0,0.10358751,0.037722573,0.0,0.6175121,0.17604479,0.2187891,0.3091353,0.34390622,0.30074975,0.35100314,0.34490246,0.2074337,0.20366976,0.15662497,0.0,0.0,0.07751103,0.0,0.053582385,0.19734111,0.24603686,0.18622966,0.06945205,0.22899745,0.20954889,0.42165998,0.012250904,0.04583101,0.05195307,0.23570338,0.16731608,0.18273997,0.07625717,0.22985958,0.050726876,0.096426845,0.019161891,0.1475386,0.1953613,0.10827674,0.12133538
21,AC627,0.11424284,0.0,0.2342941,0.008531123,0.2698315,0.16494912,0.14391614,0.25233433,0.10279587,0.099648446,0.0,0.0009274483,0.01112306,0.8802738,0.37405586,0.39731315,0.33452815,0.78579634,0.42867824,0.7729484,0.6394707,0.29882142,0.42610344,0.15669233,0.024970684,0.22753777,0.05663766,0.18605706,0.15669079,0.18515883,0.04997315,0.15681903,0.39989865,0.17528379,0.10622186,0.5420718,0.20169275,0.060440212,0.033665314,0.14506355,0.275212,0.24554716,0.13671523,0.5583744,0.34815234,0.1253246,0.092522144,0.2480951,0.24175717,0.22105995,0.08771919
22,AC729,0.66424155,0.5153305,0.6610552,0.1746118,0.4488705,0.20083682,0.28848177,0.27548414,0.54693955,0.17372498,0.2312398,0.2710954,0.07043654,0.7513614,0.2899848,0.33743638,0.33103025,0.30573243,0.17192367,0.3911586,0.37958872,0.1153996,0.39119208,0.09768981,0.029203102,0.17450225,0.1283679,0.0,0.0,0.09541575,0.11998869,0.027176544,0.13362163,0.2581522,0.11926461,0.5949771,0.14922711,0.033451855,0.021793872,0.10225746,0.29605335,0.34288716,0.11373229,0.20531344,0.16822971,0.20018448,0.11202709,0.44205993,0.34211794,0.2023756,0.09422589
23,AC754,0.06757465,0.0,0.21920598,0.11575645,0.0,0.08077252,0.046857655,0.0,0.089006275,0.0,0.10280259,0.10654776,0.0126581285,0.24483699,0.0,0.0,0.0,0.029083103,0.047128506,0.04288403,0.0,0.05700256,0.0,0.06833083,0.0032798685,0.0,0.26683596,0.011567086,0.24851568,0.41446808,0.41010207,0.2830066,0.40916467,0.13350543,0.14901248,0.2000404,0.13354096,0.18257414,0.16571859,0.54163015,0.0,0.003955532,0.22291978,0.32552943,0.24756339,0.18628412,0.0,0.20239618,0.0,0.0,0.04783538
24,AC820,0.62217486,0.10463956,0.56199783,0.33721727,0.35473168,0.20862594,0.18474334,0.24095225,0.22945218,0.052956253,0.094091766,0.024862085,0.008195266,0.5994655,0.13187382,0.17210773,0.22353525,0.29564,0.28024867,0.271936,0.2834865,0.17721918,0.12724951,0.15217426,0.0,0.0,0.0064922124,0.0,0.0113006905,0.15930068,0.18550971,0.1333024,0.0,0.2560299,0.19440147,0.4515664,0.02202478,0.03020753,0.03128332,0.16782612,0.20591119,0.17908566,0.08381414,0.17281803,0.08676651,0.088530056,0.04198886,0.14036992,0.19721723,0.12352226,0.117423855
25,AC958,0.69851375,0.31272537,0.7870667,0.23525906,0.45410895,0.24230215,0.4212052,0.27757192,0.6899774,0.13145795,0.22821975,0.27288103,0.06733531,0.9695303,0.28390342,0.36518902,0.40638143,0.37957263,0.11683464,0.365924,0.45288515,0.17922014,0.20828141,0.13872352,0.07865471,0.13228972,0.17902148,0.089137845,0.19589351,0.36065632,0.3997501,0.1118405,0.38269782,0.20966294,0.038950827,0.6197889,0.14248541,0.0,0.06042006,0.1615564,0.27661228,0.20985451,0.048742205,0.3602687,0.25379375,0.46297818,0.15574244,0.41372234,0.2439394,0.14477292,0.15581852
26,AD048,0.11704336,0.69204444,0.12572664,0.29231268,0.008421987,0.05791021,0.01630798,0.16493379,0.313022,0.03296423,0.1852195,0.12701872,0.044721007,0.5049075,0.0,0.027457476,0.0,0.093884945,0.2162917,0.089897774,0.0,0.25747964,0.0,0.19616556,0.026728652,0.0,0.37680322,0.06321066,0.6102777,0.46140063,0.4416351,0.4792416,1.2040927,0.07191194,0.17584224,0.34549278,0.09539719,0.27544194,0.2032193,0.87075317,0.06379331,0.033495523,0.18869002,0.10644063,0.17518416,0.14569408,0.0,0.0,0.055779383,0.01906386,0.034763366
27,AD074,0.31626463,0.63695484,0.31411782,0.15938634,0.10215488,0.05888231,0.17211802,0.115568906,0.29942703,0.1982221,0.035150606,0.1011309,0.0,0.58357203,0.11461739,0.19793345,0.099732906,0.20241581,0.14059283,0.6777531,0.72793883,0.29399633,0.34076655,0.29074597,0.0,0.0,0.2473298,0.09868593,0.21718441,0.32650328,0.31473866,0.38686305,0.4587456,0.2182545,0.20357941,0.2107344,0.19386111,0.22167291,0.02779758,0.37660828,0.06916277,0.33712146,0.173224,0.27228355,0.32747492,0.49818325,0.10586523,0.6622938,0.13979581,0.050619997,0.08182812
28,AD230,0.619812,0.081127554,0.8484284,0.6618349,0.60434186,0.35652998,0.27495039,0.3711792,0.07375294,0.13044026,0.026428424,0.015250407,0.008267541,0.7500729,0.22088808,0.33512548,0.32460964,0.5235655,0.170322,0.1960742,0.26373816,0.17147171,0.10910016,0.044145957,0.008452574,0.15922938,0.0,0.065987036,0.0,0.18044372,0.07471882,0.020522296,0.26175964,0.19886643,0.010627405,0.6172537,0.13418078,0.0,0.0,0.017996997,0.4079245,0.32787046,0.037613988,0.4748142,0.5172713,0.39709407,0.16216385,0.34186387,0.29924804,0.21930599,0.13686043
29,AD315,0.7106964,1.7812185,0.5728452,1.2374339,0.40370902,0.20095654,0.34131595,0.37110776,0.78079015,0.24067518,0.3056337,0.27332902,0.120952934,1.1898866,0.23817454,0.23221427,0.24526793,0.16721039,0.22108766,0.45707166,0.58066726,0.18815106,0.245291,0.23408443,0.0965363,0.28459123,0.11794329,0.13638777,0.15015553,0.31914985,0.26413977,0.20349039,0.5754883,0.13943449,0.056565948,0.54745924,0.1928933,0.15788148,0.10043929,0.3411369,0.2551741,0.1714771,0.123146534,0.34224078,0.58803254,0.18093711,0.17073499,0.257717,0.2839718,0.30110675,0.12140415
30,AD481,0.3399186,0.08814126,0.37727332,1.387878,0.2920906,0.11838387,0.12968062,0.24958782,0.38273552,0.12763669,0.08763206,0.09908179,0.036609363,0.85892975,0.20246026,0.14317371,0.2520704,0.20825855,0.24425662,0.3553093,0.3384123,0.34601766,0.23975022,0.3716152,0.06539071,0.22446188,0.38621914,0.18767408,0.55575275,0.34602702,0.36267743,0.4571153,0.8441646,0.23280661,0.13780099,0.61286503,0.28931034,0.36721087,0.14494196,0.86509776,0.2201661,0.21696319,0.19539563,0.22018896,0.5150641,0.329704,0.12250291,0.48758328,0.23063503,0.20183216,0.09853392
31,AD649,0.30666766,0.0,0.32564098,0.0,0.19883412,0.080838695,0.10300329,0.0927539,0.2713898,0.29413286,0.08140609,0.054254558,0.048269697,0.58905506,0.16797684,0.1554548,0.047819376,0.045320183,0.17331043,0.3239776,0.39151385,0.26246536,0.24523,0.34175327,0.09700296,0.1465757,0.41332012,0.22904879,0.60951906,0.4503873,0.37753302,0.43761456,0.5075848,0.27458078,0.228141,0.4619116,0.19841294,0.25597572,0.10814815,0.7043716,0.08289103,0.15226364,0.16412151,0.20389287,0.119423136,0.3396766,0.08139978,0.17668247,0.12449599,0.06351586,0.10229022
32,AD659,0.29289475,0.1301265,0.4335648,0.11767292,0.28940415,0.09367684,0.1777439,0.26720083,0.3880884,0.061459064,0.0731976,0.018728295,0.004730331,0.95457697,0.27876258,0.37624454,0.387038,0.4525085,0.22608042,0.48845902,0.49667686,0.30069968,0.30022204,0.15278314,0.021299466,0.066720486,0.14982256,0.030739449,0.095186085,0.24596655,0.16651823,0.19570465,0.2685907,0.14770119,0.08316536,0.37305838,0.07121679,0.1306226,0.021104783,0.2358728,0.20935485,0.28034964,0.111439854,0.33226797,0.26685247,0.33047608,0.11182911,0.52188396,0.19417538,0.1595869,0.06549047
33,AD737,0.31993374,0.15100199,0.43952754,1.0640881,0.26184428,0.1815406,0.19037595,0.20022102,0.50281775,0.13715021,0.13226554,0.18579642,0.074539855,0.91237694,0.25210935,0.21127492,0.25481224,0.24106525,0.22554311,0.4812873,0.47583923,0.27364695,0.30390635,0.24731857,0.07024508,0.13779084,0.1862059,0.2073887,0.2330317,0.27884188,0.32034877,0.3324021,0.7147639,0.22689861,0.11685367,0.48375192,0.26755068,0.23622198,0.09271925,0.4910747,0.26290607,0.27125943,0.17220776,0.28622597,0.50626755,0.365873,0.14818895,0.56568736,0.2603931,0.18480417,0.104953624
34,AD808,0.90145665,2.8345058,0.5712789,0.51815325,0.38157353,0.16181296,0.49943498,0.3088119,0.69170123,0.26180756,0.34699145,0.15887676,0.10267612,0.99331874,0.113772675,0.17188588,0.115188584,0.0,0.028732643,0.07222774,0.21579629,0.015872769,0.07183167,0.057318203,0.042305265,0.14549546,0.0,0.004798133,0.0,0.23331648,0.09973225,0.04252863,0.033928156,0.1334461,0.07172291,0.3291036,0.20838813,0.14211322,0.0047716945,0.0,0.13018289,0.13397223,0.093386695,0.24656439,0.44543782,0.26165143,0.1942771,0.4726941,0.2281091,0.24426442,0.13801746
35,AE004,0.247787,0.040492564,0.43189064,0.35248005,0.35385385,0.18209487,0.45108116,0.2649262,0.94615984,0.0,0.38388652,0.48161668,0.109062776,1.195603,0.370852,0.42603052,0.3164509,0.2620209,0.20901966,0.31740162,0.398884,0.09691647,0.27789858,0.062254418,0.064345516,0.078366995,0.10104342,0.007375419,0.19382046,0.10121468,0.3500477,0.24629687,0.2688341,0.30040228,0.067550614,0.5284773,0.270933,0.07314101,0.05887229,0.21869507,0.29369748,0.26205245,0.14266698,0.46857896,0.3671273,0.3021162,0.19423607,0.58245724,0.27384788,0.15241863,0.10281007
36,AE334,0.58587986,0.12596825,0.7947109,0.6066311,0.47586682,0.35975873,0.31856996,0.3693258,0.12910005,0.14810666,0.04392832,0.06872924,0.0,0.57208884,0.055143893,0.15035014,0.14314197,0.21847661,0.07899575,0.02161343,0.080896884,0.020693123,0.022720188,0.0021469593,0.0,0.025736585,0.0,0.0,0.0,0.11489898,0.021335427,0.0,0.056281686,0.17540838,0.021150505,0.534022,0.04797009,0.0,0.0,0.0,0.35460854,0.28374994,0.046225876,0.5305091,0.5016329,0.30915403,0.16331057,0.26602608,0.32863975,0.18712625,0.10704766
37,AE379,0.19560862,0.0,0.28492284,0.2706409,0.24601497,0.15688281,0.28994286,0.15723133,0.4996978,0.109783545,0.119290605,0.22565252,0.031518646,0.7638066,0.18259273,0.20237398,0.0823212,0.10058309,0.13506284,0.46086735,0.55911577,0.0072770715,0.3117264,0.06593257,0.0,0.012649655,0.0,0.01609474,0.016727217,0.11900366,0.19963554,0.12934409,0.060643554,0.18368316,0.10075063,0.46123227,0.2217806,0.0,0.03876856,0.06479189,0.19521607,0.23622078,0.11840233,0.24152766,0.22494316,0.119462825,0.07769677,0.29531044,0.2409427,0.105812296,0.09764888
38,AE421,0.15741757,0.0,0.32522893,0.20533496,0.23159425,0.18385641,0.81854236,0.408917,0.1429668,0.046415642,0.018541811,0.08760789,0.06280746,0.59843504,0.12518057,0.20037708,0.15033874,0.14258513,0.0,0.08320539,0.05307197,0.02319017,0.044166688,0.005815983,0.09769383,0.22790678,0.20473397,0.1346314,0.06561695,0.1405983,0.070302434,0.060834363,0.43457127,0.12047754,0.0032422314,0.16536775,0.15660137,0.10039154,0.038882755,0.07704681,0.17147559,0.3119133,0.19659252,0.28910956,0.42630637,0.43501166,0.23822574,0.91900986,0.2528941,0.09139684,0.08227818
39,AE532,0.2702706,0.36455864,0.28706872,0.15553242,0.26758802,0.08066855,0.21971917,0.19460924,0.33659557,0.0,0.018419012,0.04523565,0.010558314,0.9081183,0.31114796,0.2596297,0.2815879,0.2826258,0.16753721,0.9450263,0.9626878,0.1593278,0.5273886,0.13287503,0.018935155,0.081839755,0.02921559,0.12671751,0.0,0.12375388,0.0807422,0.055886418,0.26020086,0.14507863,0.0197835,0.3664804,0.03457715,0.0,0.0,0.0,0.15910447,0.13534379,0.053620286,0.36748993,0.2619698,0.07277607,0.12100158,0.3087982,0.18943784,0.17045143,0.035050422
40,AE574,0.46489286,0.26851004,0.5360098,0.04280743,0.37701577,0.17954504,0.33248636,0.19359963,0.9033922,0.18892181,0.40435532,0.23547359,0.12380727,0.9578379,0.2277497,0.22859696,0.16307563,0.18870847,0.2262829,0.2966901,0.29155332,0.20417646,0.2521659,0.11046599,0.113516964,0.17514458,0.2306261,0.16288155,0.4225387,0.36982262,0.32398516,0.24625169,0.5393958,0.21363248,0.07992616,0.45210552,0.22804357,0.077498466,0.16879645,0.47222993,0.25089487,0.16717383,0.10166241,0.42075747,0.29095873,0.41874817,0.19888602,0.5433731,0.19373314,0.19407237,0.10660161
41,AE646,0.12529628,0.0,0.30230442,0.3822986,0.23756844,0.14700335,0.29110044,0.1655766,0.49569035,0.06953809,0.1213086,0.22424136,0.04087794,0.7982634,0.17930406,0.19993071,0.104582734,0.102959976,0.10414852,0.3929772,0.48281065,0.021578014,0.25885558,0.08974585,0.0018565543,0.07411708,0.0,0.052658588,0.03117153,0.09316552,0.22069451,0.1874636,0.2874596,0.19113143,0.10951171,0.43247822,0.2595574,0.03250903,0.019020304,0.04688558,0.19477527,0.26996073,0.11916736,0.38562882,0.39429134,0.2052844,0.1020399,0.50736004,0.2583626,0.092468545,0.10241835
42,AE715,0.26582244,0.0,0.35113373,0.5745203,0.14927526,0.1789482,0.22644609,0.05148247,0.092307925,0.1631323,0.13142817,0.0010615606,0.07036341,0.76781726,0.23325554,0.25774157,0.09565889,0.08844672,0.07799505,0.18891105,0.23288226,0.14719602,0.21557349,0.23208019,0.19092435,0.2771123,0.22287229,0.37050647,0.39481318,0.18413955,0.15617448,0.32141846,0.32561255,0.30356324,0.09718475,0.29648373,0.2800945,0.24101786,0.025789626,0.27010092,0.11382525,0.19927217,0.13610588,0.45130983,0.63471746,0.49803078,0.17090653,0.47788954,0.12081277,0.02606,0.12422132
43,AE809,0.21673222,0.11682305,0.16212764,0.2731493,0.18777592,0.14127618,0.27610874,0.10698,0.27193165,0.1936907,0.052788094,0.16801782,0.002920026,0.5361591,0.06531271,0.08977613,0.0,0.02780068,0.12866546,0.5195693,0.6422777,0.0,0.32890767,0.048645325,0.0,0.0,0.0031203777,0.0034649447,0.003937125,0.1612113,0.17557307,0.13944991,0.0,0.27521282,0.17052892,0.3793502,0.23845005,0.08577007,0.025943793,0.07495925,0.16849487,0.17818545,0.1863462,0.13753495,0.2629564,0.20470932,0.15396917,0.3414939,0.21506265,0.09601913,0.09063394
44,AE810,0.49044037,0.0,0.7507053,0.2834134,0.47437057,0.3065993,0.377769,0.30264962,0.44824088,0.07228522,0.23446417,0.19275919,0.040407337,0.70454216,0.117394745,0.2527484,0.09932,0.25579464,0.13811472,0.122075796,0.10501169,0.059808835,0.10743192,0.04024873,0.066376776,0.10007036,0.0,0.077460535,0.06603439,0.16422835,0.20560372,0.12315269,0.34448838,0.26814595,0.064278886,0.5356038,0.1926226,0.0852218,0.04423196,0.070961446,0.364774,0.24224024,0.114931196,0.36687237,0.32927424,0.33229578,0.19908115,0.36269045,0.25180227,0.14042637,0.13852915
45,AE911,0.16412634,0.0,0.351459,0.061389714,0.3284654,0.18992987,0.31233826,0.20105568,0.46978235,0.089122415,0.08990271,0.1944564,0.067922324,0.8763828,0.28619725,0.2360072,0.15899932,0.09599756,0.104417756,0.33893433,0.4389574,0.021081328,0.29156306,0.048027962,0.045351308,0.19420741,0.0,0.0735493,0.0,0.14932832,0.16688378,0.059544384,0.0,0.19987424,0.058112703,0.45922682,0.252364,0.0,0.0,0.0016827732,0.21347547,0.19812089,0.07941588,0.36825198,0.33949733,0.2535835,0.1258931,0.4517873,0.238965,0.12765256,0.10462999
46,AE942,0.33162057,0.5369134,0.2878203,0.5885399,0.28348908,0.16922563,0.28761777,0.23435178,0.040138274,0.16769664,0.0,0.074218154,0.036836512,0.71526754,0.19766547,0.14212292,0.0832997,0.15076718,0.24637675,0.49883655,0.6194722,0.18363568,0.32032293,0.11509039,0.124046616,0.19731227,0.12522307,0.14578941,0.17633234,0.35136178,0.16811544,0.16734757,0.40555847,0.4689468,0.19460689,0.413127,0.3288478,0.23672272,0.0,0.18659675,0.22995463,0.19947024,0.23639397,0.8410188,0.86187375,0.6412618,0.3198402,0.9211622,0.21626025,0.17867485,0.123554595
47,AE958,0.3494692,0.0,0.60083735,0.30088872,0.3676648,0.31164366,0.3504796,0.23488164,0.6046039,0.16755155,0.22080699,0.17866589,0.07947673,0.8766069,0.13897559,0.1923637,0.13644464,0.092173114,0.044018343,0.05605019,0.14429995,0.05881773,0.09019686,0.08644768,0.057937905,0.16340795,0.0,0.08425938,0.02661331,0.18498759,0.22424197,0.14676763,0.2537223,0.17267318,0.091049165,0.4917084,0.29677844,0.092589855,0.02236709,0.047103524,0.300407,0.22913389,0.07053791,0.42399427,0.49000603,0.4732532,0.20131253,0.59564614,0.275307,0.1431239,0.15444809
48,AG056,0.2985036,0.0,0.48945415,0.65836245,0.3640469,0.230426,0.5359725,0.27418262,1.012362,0.16950154,0.26929164,0.41915655,0.09691836,1.2666957,0.31655017,0.29233953,0.29253787,0.10035288,0.07360199,0.4717779,0.4867795,0.17286217,0.35427988,0.15309466,0.0110008195,0.14899412,0.00077675283,0.07797642,0.089640215,0.21979398,0.3039795,0.26086617,0.4693812,0.19348596,0.12681524,0.5530682,0.3316559,0.077130064,0.0365009,0.21699142,0.2422487,0.28797844,0.11174455,0.564886,0.574974,0.37533396,0.117830336,0.5677372,0.3097381,0.15578428,0.15851077
49,AG272,0.13894877,0.0,0.35848573,0.40772778,0.11138865,0.10998638,0.18938272,0.1219545,0.24309982,0.0443452,0.059791427,0.009299078,0.018191015,0.709093,0.100390956,0.14143457,0.11725078,0.08873385,0.020075135,0.14302038,0.09139894,0.13171555,0.07576604,0.115036026,0.04563141,0.084451884,0.01662366,0.11701762,0.14476447,0.11713817,0.1347479,0.20234306,0.30672765,0.16894482,0.04734255,0.2383976,0.10147041,0.054954544,0.00966917,0.06234899,0.13262847,0.17759939,0.09864639,0.5052277,0.5127165,0.27973834,0.08122626,0.27439356,0.11871336,0.057365112,0.050355185
50,AG351,0.24805516,0.15346378,0.36821157,0.7004083,0.29313877,0.12612504,0.5471309,0.23857883,1.059552,0.13804519,0.31199697,0.4235975,0.08654907,1.0736295,0.24019323,0.2385495,0.25334147,0.123707786,0.062656894,0.40885,0.46391907,0.21002364,0.35021645,0.16931605,0.04702998,0.23190351,0.21677753,0.12762302,0.32289934,0.30279243,0.3970696,0.31035984,0.8476511,0.17002003,0.14475073,0.53717107,0.3584643,0.18003531,0.11380307,0.43921074,0.19767877,0.34506848,0.13227443,0.49313432,0.4657933,0.44073138,0.076792955,0.72393596,0.3109966,0.100184456,0.1703491
51,AG456,0.29080933,0.08888945,0.45393252,0.4367925,0.38627514,0.23034358,0.68111247,0.31049925,1.0942495,0.30339465,0.28014868,0.43766248,0.108680084,1.2252305,0.37308142,0.31568596,0.31928006,0.18189628,0.12133139,0.5137316,0.5929279,0.15645595,0.5367727,0.11672895,0.049616482,0.27881125,0.18506795,0.12613127,0.15433188,0.29162538,0.2745721,0.1282347,0.3503908,0.19813463,0.11548464,0.571554,0.34439522,0.09206374,0.07081074,0.2812839,0.24382806,0.33319944,0.09970686,0.6104382,0.47185636,0.36270967,0.10094973,0.5582589,0.34542924,0.14936589,0.17640465
52,AG575,0.43162826,0.54992056,0.4765161,0.58308107,0.252793,0.124538496,0.41278347,0.16693828,0.8897238,0.23638365,0.35347325,0.3668692,0.11884634,1.1391329,0.34302002,0.37332225,0.35080326,0.23523636,0.16209528,0.24816403,0.18787736,0.14369221,0.16401449,0.08760086,0.11587652,0.4051577,0.25614297,0.36928663,0.55456907,0.3027851,0.3734404,0.26077032,1.0140772,0.23665649,0.06938262,0.4467327,0.2463437,0.09009051,0.15726602,0.20642462,0.15403008,0.14205688,0.16590965,0.3298166,0.30709553,0.2561418,0.10689299,0.28986806,0.099669196,0.12033826,0.10737321
53,AH254,0.2303927,0.16485041,0.42605254,0.845548,0.3151056,0.17937168,0.6143991,0.30301085,1.1063204,0.20502606,0.29636887,0.44732928,0.10154836,1.2161053,0.2663478,0.2568056,0.27597684,0.14073353,0.077799454,0.5901978,0.63760185,0.19702226,0.45208973,0.2225497,0.05169401,0.24464837,0.18640989,0.1891663,0.24289073,0.26281562,0.3858132,0.2804163,0.76803136,0.18680649,0.17202044,0.55629194,0.36523747,0.14737855,0.096191965,0.3386357,0.22840196,0.37599936,0.14460458,0.70636404,0.6516289,0.42031083,0.1236544,0.76994437,0.35400712,0.122822896,0.17763947
54,AH269,0.40289968,0.15433732,0.42863405,0.07950303,0.15122381,0.09163476,0.4228744,0.10648507,1.3489656,0.3713239,0.50457776,0.6481073,0.1511821,1.0666959,0.19493894,0.23723918,0.13197374,0.18943782,0.29352078,0.38960353,0.28646582,0.32205158,0.25726944,0.15969247,0.057928465,0.11198737,0.36171883,0.18126333,0.6441066,0.6576073,0.6631551,0.50649077,1.6658248,0.1753356,0.14911807,0.33254018,0.17428541,0.1612631,0.17653015,0.6678481,0.14382786,0.046138287,0.14314772,0.104882605,0.07267444,0.46781477,0.12944317,0.36734188,0.14134118,0.14742221,0.15102369
55,AH291,0.25791326,0.0,0.12698591,0.2796573,0.09546745,0.0,0.6782694,0.4055238,0.49978438,0.008748114,0.06548379,0.14504756,0.037010066,0.9322996,0.19032204,0.2631013,0.20836434,0.08876158,0.16794151,0.44216394,0.37417516,0.25961047,0.2914774,0.22054833,0.09086534,0.18476033,0.75576025,0.12640607,0.6428382,0.49983895,0.33287838,0.356269,0.61227894,0.1642943,0.16462272,0.35654205,0.0,0.16606955,0.27952424,0.9454409,0.0104389265,0.15433368,0.26982987,0.33945683,0.152144,0.14425178,0.018927759,0.06459296,0.13608578,0.03362593,0.066820875
56,AH342,0.72378194,1.9582646,0.54296136,0.0,0.36920667,0.11598943,0.4745309,0.28078657,0.91188055,0.31271172,0.3972327,0.24445257,0.14350246,1.1886773,0.25988948,0.2816054,0.21377161,0.08016829,0.076056704,0.11493819,0.16500294,0.081081614,0.095076405,0.11639478,0.06995292,0.22862877,0.113680705,0.07705336,0.196898,0.2850493,0.15954936,0.107639074,0.30103528,0.052247807,0.048039492,0.34860528,0.14862889,0.06738958,0.024808675,0.13570869,0.0961417,0.024801984,0.03502219,0.0878859,0.15610212,0.2548596,0.14932063,0.24711806,0.17030378,0.24798244,0.09925802
57,AH448,0.47172874,0.21784139,0.40797803,0.0,0.43373007,0.2091529,0.55559015,0.34939343,1.240304,0.21108772,0.5445314,0.5004432,0.1850329,1.210931,0.3841946,0.4238816,0.22036667,0.35849154,0.30774385,0.2839851,0.2141139,0.1300403,0.25547135,0.024960626,0.047579452,0.2433874,0.081739485,0.01883448,0.255023,0.23766738,0.26152712,0.15609215,0.28280103,0.2820999,0.08052128,0.5790745,0.2858135,0.038026884,0.07639309,0.20268029,0.3500738,0.26167783,0.14764711,0.3043766,0.04741665,0.30932733,0.23679167,0.5374592,0.34190708,0.30290085,0.13898554
58,AH489,0.3211367,0.048861653,0.30114532,0.35572386,0.24828474,0.07113101,0.3824192,0.23430085,1.0347183,0.31686333,0.36250475,0.4548543,0.09655945,1.1475565,0.34527528,0.30479088,0.19242038,0.11374691,0.18813783,0.2640359,0.23932104,0.27428165,0.25386673,0.20952272,0.072738074,0.3191406,0.4019735,0.14549363,0.84188974,0.48579693,0.51819927,0.44899577,1.0915648,0.20342171,0.13988544,0.6439729,0.19098681,0.13586214,0.18510869,0.649752,0.118343905,0.15628576,0.18000296,0.10062592,0.066439554,0.25218332,0.032971125,0.07102257,0.17782688,0.099050224,0.11343107
59,AH568,0.55142057,0.5798086,0.43150684,0.0,0.2794161,0.13466948,0.43885133,0.20286317,1.4088507,0.27561942,0.6301973,0.53314674,0.17658941,1.1566507,0.24548936,0.28884134,0.13374239,0.22600187,0.31212968,0.15757477,0.108584434,0.1251585,0.114814445,0.03536731,0.0,0.21832219,0.061797276,0.038712904,0.28406912,0.2846312,0.3652333,0.22109072,0.8360599,0.16700183,0.08267998,0.39128318,0.1858331,0.0056126267,0.059391804,0.08363068,0.22563316,0.1330406,0.117976055,0.13917342,0.04657405,0.33644137,0.19715217,0.3940882,0.26544845,0.26107085,0.13562506
60,AH612,0.018811643,0.0,0.18788624,0.48982108,0.042796284,0.064482756,0.78927803,0.4519644,0.6421162,0.0,0.12646747,0.41643518,0.045645013,1.0549979,0.22251694,0.35182613,0.19852334,0.26739967,0.061450817,0.38026425,0.26106745,0.21075842,0.25305015,0.09518672,0.034571603,0.035464823,0.31994545,0.06823923,0.24850051,0.26582968,0.27937344,0.2915392,0.81645274,0.122609384,0.032580014,0.13817927,0.074505344,0.08450645,0.084821485,0.32834813,0.09998609,0.32845443,0.24735616,0.45356902,0.49042094,0.40817112,0.08635484,0.63267046,0.19667655,0.043219015,0.04836368
61,AH677,0.27221572,0.06614235,0.2382056,0.052480936,0.26610807,0.048694313,0.50962114,0.33888376,0.7943491,0.03694342,0.34108078,0.35471243,0.27073917,1.290076,0.40412396,0.41530585,0.27365735,0.039678775,0.08947274,0.17925066,0.14853863,0.034107193,0.1863682,0.2363255,0.39623183,0.6165259,0.4408974,0.39277205,0.4549685,0.3672188,0.2582338,0.1773953,0.32355297,0.16708674,0.12403108,0.22876635,0.10990515,0.10224192,0.10177321,0.33430043,0.044410102,0.111900516,0.12009621,0.16017191,0.07594029,0.1900888,0.16012147,0.09003338,0.09403609,0.12177563,0.081075914
62,AH733,0.09133667,0.5169066,0.0,0.73029655,0.0,0.0,0.8078985,0.54621243,0.6130482,0.0,0.10797348,0.32423884,0.06906159,1.0377411,0.10190214,0.26116967,0.09275536,0.22783197,0.121240556,0.22051385,0.10610284,0.22958669,0.055559754,0.09798471,0.06017872,0.16487631,0.32054457,0.10473897,0.34056956,0.22654237,0.2773895,0.2827593,1.2670783,0.11294155,0.0,0.14867562,0.0,0.014587052,0.14075494,0.37386617,0.109332785,0.2559792,0.2513532,0.699116,0.5951294,0.17414282,0.07053092,0.36838192,0.22154555,0.066189975,0.055253543
63,AH765,0.367698,0.24857628,0.33537778,0.13542002,0.20525327,0.14568819,0.41197684,0.16194326,1.0783532,0.24512626,0.42093566,0.46998847,0.09829232,1.0700787,0.25828317,0.30625066,0.1328769,0.23743422,0.29462078,0.32001618,0.337854,0.18436134,0.22253276,0.026349865,0.0,0.11484617,0.15568149,0.013663925,0.32366383,0.31118655,0.4047293,0.28304875,0.6206348,0.21218638,0.10009674,0.46700853,0.20980842,0.064183235,0.08499164,0.21223527,0.24624233,0.15693456,0.16107774,0.1202489,0.08967236,0.35589018,0.15067069,0.20913962,0.2499315,0.16589384,0.13482869
64,AI170,0.5155901,0.3540184,0.59117866,0.3254302,0.54356366,0.21574362,0.3047127,0.31108975,0.22519958,0.0,0.059302557,0.0010793321,0.044094175,0.72863394,0.30771452,0.27802467,0.45897812,0.50833225,0.21605709,0.21762133,0.23418745,0.19605076,0.18432443,0.05950927,0.036978994,0.27720445,0.009300962,0.07173141,0.0,0.13234785,0.20477758,0.100927696,0.4025873,0.24930692,0.08684986,0.5188284,0.18221006,0.052689843,0.0,0.038145393,0.2711634,0.33283007,0.040480427,0.5923414,0.37983248,0.37039512,0.18980761,0.62088686,0.3146044,0.20674674,0.15269406
65,AI304,0.4903612,0.6369798,0.52874815,0.0,0.5094909,0.20993374,0.4445719,0.30197018,0.52060986,0.37498444,0.14371327,0.17062221,0.16336465,1.0377585,0.45999724,0.21616429,0.3211205,0.21126337,0.16696903,0.1710019,0.16672227,0.17013857,0.18243045,0.3174252,0.1962935,0.67965055,0.0982206,0.18541694,0.25222415,0.33699316,0.22507168,0.16620694,0.64076936,0.17743161,0.11660625,0.67828995,0.21725692,0.14892803,0.0,0.25328782,0.18606827,0.08635156,0.02860393,0.21515557,0.15531617,0.2244132,0.12777749,0.23096296,0.26056558,0.2374385,0.14756428
66,AI338,0.6265384,0.31188023,0.47456586,0.07193655,0.43695566,0.16482787,0.37823614,0.23440756,0.8534876,0.3084452,0.39890188,0.40278298,0.11659396,0.99911,0.5142917,0.42941767,0.24684964,0.21265616,0.32290247,0.70708513,0.7958232,0.14421445,0.64979136,0.100922436,0.06931997,0.16864446,0.30571425,0.12901545,0.20883118,0.416322,0.3908838,0.13255538,0.4511212,0.42896777,0.19532356,0.4926179,0.22903395,0.09780924,0.044090487,0.20668238,0.21514669,0.17080452,0.14331783,0.08920922,0.06846262,0.4220205,0.24839541,0.4623595,0.22902384,0.16684869,0.13690156
67,AI981,0.76503086,0.6321929,0.5891856,0.0,0.51464653,0.38613302,0.49824345,0.38650173,0.5862184,0.5091983,0.26938206,0.17596751,0.15935448,0.9320851,0.4715116,0.38161325,0.2917338,0.2599256,0.2319375,0.6718931,0.824092,0.14493845,0.5199214,0.16704555,0.07640797,0.42371902,0.29171628,0.1737464,0.17370485,0.31734747,0.23301049,0.033762783,0.4866228,0.3515386,0.13653186,0.6391921,0.124634475,0.0,0.015080035,0.13925534,0.3384,0.19139123,0.06658643,0.11420234,0.0,0.32623622,0.2763182,0.35276657,0.35825363,0.2515353,0.1732088
68,AJ010,0.27823278,0.0,0.5158233,0.048360974,0.35531572,0.20451954,0.28727672,0.30256984,0.4309661,0.059825927,0.11567528,0.13651061,0.026860278,0.9198487,0.23023538,0.24167578,0.29213196,0.24850859,0.23916003,0.17982478,0.18124709,0.19093812,0.18460384,0.17232041,0.031683978,0.14480188,0.18442386,0.0,0.20056002,0.22547776,0.22747737,0.22312947,0.0,0.18795425,0.08379663,0.54750705,0.16106045,0.20545898,0.06770233,0.45681682,0.22534923,0.18753795,0.13730958,0.33265597,0.2752481,0.20177403,0.095889494,0.20848218,0.20739973,0.16878542,0.08343077
69,AJ266,0.30497885,0.0,0.4209503,0.0,0.29634863,0.121675566,0.28563288,0.21791998,0.501417,0.080868244,0.1112125,0.1424941,0.049958684,0.87896,0.22109509,0.21296932,0.23555729,0.05673475,0.12173119,0.14045466,0.17617711,0.123453215,0.13126579,0.07853487,0.03148181,0.13254775,0.13680339,0.0045772996,0.14310509,0.29555523,0.29595864,0.1628723,0.057139337,0.15070581,0.055861462,0.33789128,0.077436775,0.09403311,0.038027413,0.28919464,0.10287629,0.09931072,0.06290343,0.24118593,0.09649663,0.23439316,0.11718999,0.28751957,0.1493591,0.12688082,0.075583965
70,AJ283,0.73935646,0.18995178,0.50180495,0.22661346,0.49239346,0.23872927,0.38332674,0.23102558,0.7326683,0.5291811,0.24411322,0.28119755,0.096860915,0.96149427,0.3043983,0.22526112,0.11452501,0.0,0.17206879,0.6048962,0.7791897,0.24417865,0.63063323,0.2405585,0.056208946,0.2758717,0.20004836,0.10941704,0.30129927,0.34801564,0.29305252,0.19723062,0.24448276,0.44904894,0.19242515,0.7786995,0.21391718,0.11177124,0.042874962,0.34092978,0.35613304,0.29298973,0.15461783,0.4575628,0.1963641,0.33769506,0.27948576,0.22585231,0.3781857,0.22641897,0.14447545
71,AJ316,0.19119304,0.0,0.26023355,0.26444024,0.28545398,0.106794104,0.18966179,0.10395196,0.41450143,0.30259526,0.054598145,0.054554015,0.042987928,0.9297905,0.27136287,0.2417148,0.15521365,0.11838238,0.13321719,0.8052794,0.9858771,0.12937582,0.60326004,0.36335468,0.08943157,0.25118065,0.20589313,0.24853432,0.30081046,0.21659589,0.2395333,0.11376248,0.12130505,0.218457,0.13200718,0.67792344,0.1382407,0.08135128,0.045659617,0.16907647,0.20315361,0.1559604,0.14313449,0.22767678,0.24012864,0.08828744,0.16827457,0.10709444,0.26315942,0.15506692,0.074007094
72,AJ481,0.37617695,0.0020311177,0.41023734,0.41029948,0.27465457,0.1572383,0.16021186,0.16556726,0.56474584,0.16052093,0.16869073,0.13980538,0.032300837,0.8008695,0.13070606,0.079003245,0.14714316,0.07371721,0.27391922,0.3324055,0.37211666,0.2029225,0.2796085,0.24032399,0.014105076,0.12793578,0.07449508,0.017014463,0.17765741,0.1919529,0.28573716,0.21265586,0.00740999,0.21895729,0.19032302,0.53030825,0.09041123,0.13174225,0.07043853,0.31461504,0.17648488,0.13490859,0.13271628,0.19970198,0.16991952,0.08382563,0.07186907,0.0,0.18946034,0.14456347,0.082713395
73,AJ490,0.44329032,0.07345256,0.53958064,0.7305407,0.37872905,0.19890937,0.3475003,0.2279479,0.72794807,0.12704514,0.22978564,0.29833573,0.029113203,1.1894643,0.2856021,0.42080617,0.33494717,0.32847506,0.12526375,0.35206816,0.4787248,0.1690548,0.27220842,0.08339264,0.07960366,0.14127423,0.12551951,0.14321497,0.31213677,0.3012411,0.2722885,0.1120588,0.1354217,0.08071881,0.026256114,0.71721727,0.13076188,0.02279155,0.12797573,0.19493741,0.26860446,0.20234968,0.103253916,0.31218326,0.28942513,0.15636411,0.041119978,0.0,0.23329157,0.13087852,0.13403597
74,AJ522,0.67037755,0.39132637,0.40735972,0.6775264,0.37062824,0.07469868,0.71285313,0.46794334,1.2294996,0.1034607,0.30662486,0.37161458,0.12319833,1.4178687,0.29410347,0.36807635,0.37270975,0.123397976,0.15063608,0.51881945,0.59043753,0.22320667,0.49315283,0.27752337,0.103417106,0.1983732,0.22453743,0.067839466,0.16346966,0.34044844,0.28493363,0.19515057,0.13616467,0.13820052,0.1396827,0.46073693,0.031443126,0.15626943,0.15336663,0.5233464,0.11201903,0.17753182,0.09301082,0.3788723,0.27827257,0.12456073,0.07152234,0.08879039,0.2556548,0.21329573,0.13193724
75,AJ537,0.25076696,0.0,0.2857989,0.12702185,0.21163979,0.10193739,0.12001854,0.2214897,0.42606157,0.02927582,0.12758909,0.1050168,0.031381246,0.67588145,0.16559894,0.11841909,0.110938184,0.1464688,0.28036618,0.21998063,0.20378281,0.1426426,0.15628168,0.09299491,0.0,0.043490797,0.11168784,0.0,0.18646605,0.1727681,0.22042686,0.21882369,0.16089618,0.18679014,0.12985986,0.39613563,0.06832199,0.052466393,0.060566954,0.3124691,0.15531155,0.09680413,0.10441576,0.07985061,0.05388523,0.094168544,0.048141904,0.0,0.18081562,0.101652116,0.04750683
76,AJ661,0.6127895,1.0255984,0.52027136,0.5623483,0.2874311,0.12576412,0.3502102,0.24054947,0.87659943,0.28156236,0.19619493,0.13129282,0.045294426,1.265936,0.35245517,0.43126965,0.38239354,0.15562332,0.018049903,0.8298001,0.8971994,0.3639955,0.6434587,0.24110293,0.055243656,0.09585902,0.23459348,0.24322745,0.18973358,0.45139283,0.2683497,0.13520803,0.18852836,0.052975196,0.012203883,0.39634985,0.07639899,0.17302608,0.05044301,0.30822405,0.120717295,0.18670176,0.016833842,0.48749572,0.5284834,0.49080724,0.06454103,0.40069926,0.14780377,0.095968634,0.11602522
77,AK436,0.36784583,0.0,0.45192248,0.0,0.35693485,0.21804672,0.292747,0.21420352,0.45269176,0.30153608,0.123472765,0.102933235,0.065121636,0.8044157,0.25326964,0.1933029,0.18000074,0.08812997,0.14744681,0.25963467,0.34651497,0.08697727,0.21682447,0.100376956,0.0045564594,0.20959163,0.0871886,0.045715407,0.121214345,0.23251016,0.20053995,0.105934754,0.0,0.21720812,0.09419987,0.50633156,0.119153045,0.0043250546,0.009991318,0.15809971,0.2252211,0.14959498,0.07100232,0.1610102,0.008067992,0.19113775,0.152171,0.23456118,0.24552354,0.16404383,0.10805591
78,AK494,0.318936,0.09229091,0.51939553,0.25212866,0.25986084,0.16941871,0.5367204,0.37907383,0.63397294,0.09531672,0.14631838,0.26391757,0.08422752,1.0529954,0.19873989,0.25902048,0.22833112,0.057934023,0.0,0.04934834,0.066467255,0.07049842,0.031322367,0.049481306,0.06678529,0.17134258,0.021120206,0.04307067,0.0,0.28521687,0.22328967,0.07270162,0.2739513,0.013152532,0.0,0.17044926,0.028522536,0.06582913,0.0,0.016451016,0.07749117,0.1400153,0.04005477,0.12357229,0.26796463,0.31003353,0.08010539,0.16787568,0.13618106,0.08585306,0.0968499
79,AK497,0.4317915,0.0,0.37300462,0.0,0.37146944,0.1490591,0.43947607,0.19832756,0.6365867,0.31044182,0.19764371,0.17616175,0.058197733,0.89216745,0.23593634,0.2206148,0.13476923,0.043749303,0.064519584,0.22142646,0.32769245,0.021760166,0.22902161,0.05968466,0.052933455,0.24647895,0.07292731,0.060674205,0.16311477,0.265629,0.15772054,0.0029060692,0.0,0.18191606,0.04640624,0.594396,0.16514076,0.03402619,0.018999144,0.06724778,0.21322326,0.09932862,0.08718788,0.09849554,0.025305897,0.2561632,0.17349471,0.09391987,0.27296135,0.18218344,0.1049829
80,AK502,0.34460753,0.17973045,0.3417731,0.0,0.20083052,0.11557509,0.2569435,0.22677058,0.6824215,0.4319483,0.17593072,0.19632623,0.091722965,0.9731741,0.19321546,0.23769987,0.12238186,0.039993092,0.05412437,0.45117196,0.54271924,0.16243772,0.28102797,0.24788842,0.059346415,0.17127633,0.17422119,0.20578143,0.21152674,0.3469901,0.2658873,0.15629582,0.27461684,0.09459151,0.11410553,0.31406042,0.07804982,0.038755782,0.0,0.11881122,0.073697455,0.16895598,0.030526187,0.3376535,0.20185983,0.33600372,0.09543967,0.20569798,0.1810048,0.12374961,0.10385555
81,AK602,0.42718005,0.0,0.37154266,0.0,0.43573093,0.16676643,0.3800063,0.21192965,0.5488868,0.30560702,0.12773883,0.09651452,0.04556863,0.906338,0.30599624,0.24593994,0.19020814,0.10173853,0.13186838,0.41728747,0.55315816,0.06586152,0.4265348,0.1738724,0.08006868,0.32519525,0.1282486,0.104379535,0.21672405,0.24884841,0.13806912,0.051312804,0.0,0.24773233,0.115139544,0.73446786,0.22820209,0.0899366,0.032587834,0.1956689,0.26533332,0.16520849,0.09940548,0.27538085,0.1131825,0.27314627,0.196396,0.17983982,0.3334452,0.21183403,0.116835326
82,AK717,0.55919975,0.18105084,0.59955895,0.7379802,0.49188328,0.24076289,0.33516952,0.32627982,0.56053245,0.14680994,0.21933876,0.2033279,0.04636094,0.9232497,0.31069234,0.2761318,0.21208292,0.18153656,0.15553944,0.42991853,0.502677,0.14498708,0.39000085,0.003374882,0.0,0.09701751,0.0,0.0,0.0,0.19353975,0.1376127,0.0,0.0,0.2867691,0.02463044,0.56723064,0.10267482,0.0,0.013382465,0.0,0.30438188,0.165795,0.07060491,0.30517107,0.4385086,0.2361621,0.18647426,0.15904033,0.23523323,0.17376076,0.091041446
83,AK851,0.42816263,0.0,0.37755156,0.0,0.3721541,0.1488916,0.40922958,0.17011428,0.61105937,0.35605782,0.17087819,0.15718687,0.038373638,0.8776558,0.24534279,0.21297944,0.13003369,0.03339664,0.050751187,0.26427484,0.37149447,0.04357318,0.27605945,0.081925385,0.03558648,0.22863619,0.07855919,0.040380802,0.18586151,0.29211003,0.15540832,0.0070506185,0.0,0.19495283,0.055808175,0.6314833,0.17188741,0.03729918,0.010846168,0.070403636,0.21193902,0.11764759,0.092329,0.17128389,0.055181965,0.26910564,0.16269976,0.061928898,0.27301407,0.17513898,0.10596273
84,AK852,0.3545953,0.0,0.36165237,0.0,0.2840733,0.1423172,0.30823225,0.16005485,0.554106,0.4386018,0.0942432,0.13610442,0.04940892,0.80848455,0.20808026,0.20966439,0.11837747,0.0038357824,0.034767598,0.3704557,0.4901169,0.12911288,0.31283924,0.1750342,0.03209866,0.17085014,0.20534259,0.11322478,0.23955308,0.38197744,0.24840297,0.120774105,0.13103056,0.15510546,0.10763773,0.4653566,0.121426426,0.05098161,0.016740546,0.23214939,0.12429414,0.15189706,0.059206016,0.20513745,0.06996973,0.34015623,0.10506472,0.23921484,0.2085211,0.116207816,0.11519603
85,AK864,0.7099296,0.1196633,0.47354206,0.22303319,0.5413947,0.22996765,0.4365588,0.22366469,0.4200657,0.2920357,0.08324588,0.06493451,0.031296827,0.76820767,0.2792155,0.24655072,0.15012823,0.09006062,0.09096828,0.4963703,0.71618843,0.07478635,0.4575107,0.085913025,0.0,0.26586422,0.02024588,0.10988822,0.11274475,0.3241465,0.15165713,0.0,0.0,0.3131739,0.071371526,0.8489105,0.17567821,0.032676347,0.044390537,0.15271094,0.33048445,0.1621054,0.09920445,0.049457215,0.1516665,0.31483486,0.18649483,0.26166672,0.3343715,0.21100418,0.20727047
86,AK895,0.34650725,0.0,0.34961098,0.0,0.30851388,0.12309614,0.3517137,0.15183653,0.5244242,0.32627004,0.10603572,0.14305449,0.02199756,0.8670084,0.2341037,0.20984788,0.14040065,0.01727628,0.05937068,0.2455225,0.37367314,0.053701073,0.24101564,0.08584359,0.021232199,0.19073075,0.042056218,0.04440443,0.13340881,0.29963043,0.20700286,0.026823685,0.013898432,0.16193984,0.03308877,0.53564256,0.12686752,0.0532334,0.0,0.032338023,0.1581235,0.07388926,0.082620196,0.0014034994,0.0,0.24213001,0.13422143,0.04200083,0.21546233,0.14093375,0.092632286
87,AK907,0.2798667,0.023344368,0.4384564,0.29439807,0.07576975,0.176067,0.48959816,0.35310483,0.7957791,0.29412222,0.15049796,0.38050532,0.09045544,1.1208637,0.2117615,0.35979125,0.2607989,0.25989372,0.09637697,0.26214537,0.21597633,0.27471766,0.14127572,0.11178306,0.06636201,0.08612642,0.087013125,0.11393929,0.09045346,0.45667148,0.3309703,0.24012478,0.84692776,0.0,0.011470399,0.096286684,0.009471336,0.14252663,0.0,0.20642424,0.11663295,0.22457561,0.04098621,0.4230349,0.3699684,0.5652617,0.03896253,0.32173347,0.16353485,0.06542838,0.10500019
88,AK942,0.42641228,0.49519354,0.42855144,0.0,0.22420584,0.107683614,0.40738878,0.16261674,0.6174002,0.22972219,0.15016572,0.1740173,0.04523939,0.87205094,0.17678007,0.20731895,0.14830586,0.036165193,0.01254198,0.11421473,0.1637026,0.07841739,0.09529259,0.033670392,0.025360722,0.10645984,0.05039686,0.04477068,0.002560772,0.43361953,0.24445616,0.030892849,0.10784423,0.05151712,0.007005628,0.2648965,0.1160674,0.106082276,0.0,0.020421132,0.05467826,0.13655633,0.050271384,0.061196808,0.15931186,0.41342673,0.0719585,0.21382055,0.13081488,0.099872395,0.1296778
89,AK975,0.38533753,0.0,0.31548893,0.19748962,0.2990809,0.08995702,0.4242512,0.3836549,0.5736616,0.04795,0.1417636,0.2838509,0.079289734,1.0879476,0.30305788,0.39401245,0.23778358,0.013083309,0.1132732,0.14275509,0.20445663,0.111520946,0.24519569,0.038684018,0.022763982,0.106086195,0.11870816,0.0,0.14171785,0.31993383,0.25702024,0.15412264,0.14915127,0.24990034,0.08072294,0.30104613,0.0,0.06309146,0.008645557,0.2411212,0.0731363,0.14868464,0.113970876,0.041361496,0.029861763,0.04594788,0.09063848,0.061794817,0.12484473,0.08520326,0.081520766
90,AL100,0.48382744,0.0,0.45283824,0.057790607,0.44686267,0.14452204,0.46789432,0.22421952,0.68999445,0.20410365,0.26989043,0.22260703,0.06501447,0.890958,0.21836546,0.18683626,0.14402497,0.049336262,0.097213164,0.1587423,0.25465155,0.0307379,0.1822873,0.058184806,0.07633965,0.27084866,0.022296399,0.05889471,0.18638276,0.28549877,0.21440057,0.0,0.0,0.24337363,0.051096812,0.6661748,0.20298752,0.08538374,0.05903212,0.020691186,0.23537675,0.13020708,0.16264969,0.060787737,0.1423145,0.23508944,0.19864418,0.2159661,0.22689827,0.16955979,0.11408372
91,AL415,0.509861,0.10896379,0.64517415,0.2338472,0.4373552,0.1871064,0.41377148,0.21658605,0.7921599,0.30554238,0.2340273,0.23928079,0.0877333,1.1224762,0.32490742,0.28199106,0.29638448,0.10666734,0.07136315,0.41626158,0.4897247,0.18950346,0.34807038,0.1793775,0.08074605,0.25498167,0.19138736,0.10794298,0.17820688,0.3425593,0.32712626,0.1289521,0.16835481,0.21170117,0.044757716,0.5123445,0.12640542,0.089654416,0.046215147,0.26321343,0.17941381,0.1761896,0.061728247,0.42822593,0.29797292,0.35120395,0.1795751,0.3945685,0.2157478,0.17839606,0.11118133
92,AL426,0.50586647,0.0,0.41076523,0.13209772,0.5084454,0.19012313,0.5313284,0.2925511,0.7229923,0.24783644,0.22533576,0.19120872,0.105661094,1.0549241,0.3226741,0.28792608,0.23780389,0.08802755,0.16724291,0.51979566,0.6922524,0.009505726,0.4543506,0.09028763,0.12093865,0.37151253,0.0999078,0.15708873,0.075920805,0.18740569,0.15156397,0.0,0.0,0.3464563,0.0770846,0.6927295,0.22799902,0.07034819,0.04644975,0.02674526,0.31703943,0.1518169,0.189312,0.36545375,0.28990877,0.33802038,0.34751022,0.523447,0.34602284,0.27668923,0.102508225
93,AL508,0.53912836,0.4437698,0.3946452,0.16424233,0.28999722,0.049968533,0.2475823,0.12396127,0.59555435,0.18216014,0.18416171,0.10564269,0.027719613,0.92184234,0.23373781,0.26175937,0.19234669,0.051407896,0.05902961,0.33842883,0.36379465,0.16008088,0.31423265,0.18833585,0.038166095,0.14826658,0.07376012,0.04823286,0.11318503,0.19047667,0.19693194,0.107726365,0.17402929,0.18021685,0.06992927,0.4965899,0.12111355,0.1302295,0.011851266,0.1207079,0.14905733,0.13692099,0.09567453,0.04560224,0.12898402,0.19215645,0.0983904,0.010840118,0.21027213,0.14272179,0.08308837
94,AL541,0.3441686,0.0,0.29608244,0.58500487,0.28952095,0.0756284,0.14760761,0.10655598,0.26955336,0.1406477,0.0035182629,0.0015217755,0.0,0.7578191,0.21739425,0.18108001,0.12763733,0.06834701,0.110174805,0.48219395,0.5325649,0.12037386,0.37000528,0.12752995,0.017883303,0.14977166,0.060634598,0.10795867,0.1529084,0.21831608,0.15819998,0.060118437,0.14994633,0.22920182,0.06940134,0.59194374,0.118149444,0.1285692,0.03775125,0.14759669,0.17862973,0.036233097,0.12101075,0.0,0.20084406,0.14473587,0.09578613,0.0,0.16446057,0.1081879,0.06890777
95,AL657,0.6745479,0.12613031,0.5331687,0.541373,0.47840628,0.18534403,0.3751724,0.17341757,0.478889,0.17737639,0.15737207,0.09109196,0.015503293,0.8785846,0.23753425,0.22414215,0.20549308,0.13259873,0.102705285,0.40024033,0.5764267,0.077210024,0.29065716,0.041452646,0.0074582007,0.13751623,0.0,0.02603259,0.0,0.22439383,0.10543905,0.0,0.0,0.23875615,0.0325458,0.66172427,0.16305597,0.06424971,0.026229687,0.0,0.25581872,0.12093999,0.08020028,0.061286837,0.24929816,0.22072224,0.16137041,0.22995642,0.24084921,0.19164225,0.13832995
96,AL728,0.673452,0.27101737,0.49219057,0.15729493,0.394107,0.14157873,0.29761285,0.13909343,0.60202545,0.18578255,0.19629401,0.11855893,0.020692471,0.85001236,0.20979774,0.19619827,0.15757135,0.10759303,0.19620699,0.30100384,0.35207245,0.18597472,0.3132909,0.1597394,0.0304301,0.1607346,0.043519482,0.0061455388,0.12468493,0.25432384,0.20542608,0.19117425,0.1696127,0.29880083,0.14581232,0.6889772,0.2533192,0.22783609,0.07073278,0.29513288,0.27461177,0.19009206,0.15637448,0.09547372,0.10602783,0.282815,0.15980378,0.19739977,0.29977208,0.20548852,0.14086786
97,AL806,0.44462645,0.34626442,0.40756375,0.14125943,0.2938109,0.13085648,0.30031246,0.09843341,0.48315853,0.18709205,0.16403884,0.07911152,0.026426066,0.811342,0.13141471,0.13984267,0.088705875,0.08187616,0.160502,0.25588962,0.35451677,0.0861464,0.25647515,0.14439222,0.09534379,0.2774897,0.03692746,0.13476989,0.17008813,0.30108684,0.21888717,0.12023251,0.12854964,0.29365993,0.12398394,0.6285522,0.27241546,0.23601227,0.0632923,0.088649124,0.25233424,0.13584381,0.22445934,0.19755687,0.30671734,0.36218116,0.18691653,0.141588,0.24059394,0.15465106,0.13538794
98,AL860,0.60810477,0.27012968,0.3747591,0.3249277,0.40534365,0.12039336,0.26205453,0.10109026,0.42375985,0.23977964,0.120049,0.050235536,0.02187926,0.7736899,0.17988464,0.17822522,0.111346655,0.094749704,0.07487704,0.3838179,0.509429,0.04859844,0.31258178,0.13973066,0.012942912,0.23470892,0.0,0.109625764,0.0,0.15338075,0.11026613,0.045082226,0.0,0.29474568,0.09202781,0.7585737,0.25057822,0.12944187,0.01689621,0.0,0.2953877,0.20879163,0.15248756,0.13838017,0.19209336,0.19746594,0.2061146,0.28519917,0.3458299,0.2291541,0.14910984
99,AL869,0.5636092,0.15544781,0.4815998,0.11785233,0.42175534,0.128349,0.45744565,0.1555976,0.6962039,0.27255306,0.22108267,0.19831528,0.038116213,0.9319016,0.29539344,0.27269697,0.22668833,0.030731834,0.024564043,0.3568447,0.5019113,0.08474675,0.3563203,0.057572152,0.035368063,0.13877776,0.09679507,0.038119715,0.086358786,0.3164149,0.22156236,0.0,0.0,0.20547983,0.031442925,0.5635158,0.15059707,0.08412512,0.034332275,0.112795144,0.17050964,0.09124209,0.07105394,0.005592309,0.08140789,0.30746502,0.1430943,0.24645102,0.20929785,0.14847374,0.118855536
100,AM043,0.3975775,0.0,0.7283382,0.19140536,0.44959643,0.31855503,0.55346715,0.37495965,0.63402313,0.14367294,0.17236082,0.24561794,0.07420036,0.991664,0.1798385,0.26476473,0.22767718,0.063230425,0.0,0.009836005,0.096644394,0.03601767,0.06561462,0.026991047,0.058537886,0.1627296,0.00096699595,0.023919936,0.0,0.21308063,0.19199786,0.054718465,0.050005376,0.10791763,0.027529426,0.41423437,0.13285333,0.05542776,0.0013304427,0.074116886,0.22102323,0.19909443,0.046710104,0.41580066,0.44405463,0.3653572,0.15064844,0.3537488,0.23937103,0.13414408,0.13034089
101,AM082,0.3968148,0.0,0.44818047,0.010326177,0.3627917,0.11860496,0.42825702,0.19723651,0.8609878,0.19620278,0.3216268,0.35255313,0.08719817,1.0497218,0.31466228,0.28460497,0.23080546,0.01863011,0.05180291,0.1266416,0.18492287,0.05602032,0.15397613,0.0716285,0.034688007,0.19886741,0.10441971,0.01200572,0.27096987,0.2706877,0.31699556,0.08738907,0.0,0.13854566,0.012920653,0.52477556,0.14983472,0.007516369,0.05414892,0.13747606,0.13175002,0.08396822,0.08190625,0.053276405,0.07283447,0.1860119,0.11105052,0.16066009,0.1638155,0.12861484,0.08709394
102,AM172,0.21410899,0.0,0.3376523,0.30420095,0.23113236,0.10817822,0.2698261,0.22206292,0.31477076,0.0,0.03879355,0.06271379,0.005169837,0.797509,0.17616564,0.2122732,0.23001796,0.10859263,0.060998924,0.097868316,0.070249066,0.16306928,0.08154832,0.037174635,0.03702408,0.06888777,0.16406992,0.0,0.15489198,0.26689926,0.1726164,0.19557036,0.18136895,0.0629196,0.013957351,0.32608554,0.10582378,0.10316841,0.08508169,0.3658853,0.11351743,0.14972192,0.10145868,0.14404923,0.24383926,0.18572472,0.011640543,0.179784,0.11787385,0.07868015,0.066169254
103,AM349,0.40534654,0.3547032,0.51835465,0.19291162,0.31850836,0.15651496,0.38772634,0.2604918,0.704141,0.05766931,0.21556583,0.16732247,0.08286126,0.9965675,0.21312582,0.19034226,0.22504166,0.06540419,0.031205736,0.16605797,0.1606999,0.11176051,0.103119686,0.120784804,0.055213787,0.17036378,0.0,9.838492e-05,0.0,0.19694392,0.17821488,0.09032284,0.10910815,0.06060952,0.031282164,0.36327755,0.08656122,0.041508213,0.0,0.040121704,0.12695436,0.1730025,0.0276789,0.21607894,0.25260606,0.22004029,0.086193405,0.09267086,0.19853383,0.15029924,0.08358298
104,AM361,0.33639196,0.38485235,0.46052626,0.0,0.39320076,0.15635295,0.38879493,0.32865614,0.8235009,0.19302371,0.29432756,0.23351581,0.15543266,1.1247709,0.32007486,0.2457219,0.25588235,0.16566092,0.12175442,0.12715273,0.13913023,0.068883345,0.0783562,0.19144124,0.14486736,0.42413944,0.062552065,0.1166011,0.18521129,0.23619512,0.20030317,0.106260106,0.28850603,0.08363305,0.0534603,0.45976436,0.13199279,0.012226358,0.018911809,0.13710508,0.14531198,0.09733786,0.010180477,0.25371212,0.13996708,0.21558872,0.12530789,0.2470789,0.2168264,0.22285281,0.09508816
105,AM430,0.36884174,0.12561321,0.5554073,0.14429647,0.38953456,0.1936619,0.3645461,0.2673202,0.7294992,0.08292672,0.279097,0.25472647,0.124104604,1.1264415,0.30865014,0.307535,0.25604135,0.14563775,0.11271405,0.21362793,0.24822372,0.08733359,0.15999947,0.13614458,0.14911482,0.24723475,0.09793982,0.12602311,0.18703888,0.22304851,0.2698316,0.1626694,0.22751784,0.17971772,0.05709862,0.42287493,0.17172036,0.042250007,0.04753127,0.19651446,0.20964566,0.14195809,0.054519728,0.38587663,0.29675403,0.30053562,0.16863269,0.31477517,0.19716263,0.17160043,0.10586389
106,AM461,0.4700713,0.0,0.7252122,0.09551638,0.4982326,0.28743863,0.5022268,0.40997183,0.46102744,0.137754,0.1402587,0.1991846,0.049585976,0.923835,0.23164737,0.3234936,0.25054753,0.24646433,0.08452764,0.14501044,0.1974157,0.10504684,0.15554848,0.06816478,0.086864814,0.2058626,0.014841199,0.031480618,0.016696572,0.22538775,0.18706901,0.052419618,0.13455433,0.1924958,0.028714152,0.46566615,0.08457802,0.05587931,0.0,0.08016017,0.26362097,0.22278816,0.055339865,0.35430422,0.2905177,0.27884963,0.15505004,0.19361505,0.23911831,0.15592015,0.12384889
107,AM706,0.53300595,0.3836457,0.4610196,0.0,0.35145393,0.18938434,0.37833393,0.220333,0.6333031,0.27134767,0.23064665,0.13509582,0.093571305,0.78142285,0.24695043,0.20846166,0.1633339,0.0,0.020195492,0.18948595,0.27782428,0.023878902,0.21062212,0.077537924,0.0380888,0.25734174,0.20803532,0.095449,0.24580418,0.3176546,0.20396835,0.059206977,0.17166162,0.13612238,0.07171686,0.5203091,0.120799296,0.0,0.07050788,0.18818992,0.16035396,0.09938795,0.052633114,0.0,0.02031675,0.20406544,0.100698635,0.04587692,0.21086046,0.13417155,0.11440617
108,AM782,0.55504316,0.9538734,0.47786146,0.12536126,0.350145,0.14070305,0.49261397,0.28907225,0.6661379,0.12613174,0.23435989,0.16417967,0.08030033,0.94304526,0.20429946,0.18893972,0.18824379,0.006430395,0.0,0.12831339,0.20044795,0.023060046,0.10373519,0.12680782,0.0453498,0.18489866,0.0,0.0,0.0,0.20997643,0.14839119,0.033755317,0.070177436,0.057324357,0.041987035,0.36461586,0.10427771,0.06484212,0.0,0.0,0.08314468,0.1605927,0.03400904,0.019834418,0.16010867,0.16057341,0.0929468,0.07722506,0.20756356,0.15939571,0.10702452
109,AM810,0.30689362,0.14125827,0.5105523,0.26682782,0.45307332,0.19820951,0.47144344,0.41257066,0.36412764,0.11106761,0.0894215,0.071896315,0.10921432,1.0355171,0.3047914,0.30859554,0.26046574,0.23269056,0.10469815,0.16256261,0.15889743,0.121092126,0.12279829,0.1354537,0.20915154,0.48825508,0.19633588,0.26650214,0.17700033,0.19813612,0.12082807,0.07563904,0.28951108,0.13849035,0.011373928,0.45102888,0.1459376,0.06762168,0.055297054,0.1859504,0.19458723,0.20867088,0.08990242,0.5502126,0.46272308,0.33258718,0.17193428,0.3856581,0.23128913,0.17219129,0.10342172
110,AM840,0.36339673,0.0,0.5013994,0.5072154,0.35384977,0.19595657,0.50583565,0.32824913,0.58868724,0.11459173,0.1448875,0.219976,0.054926258,1.0357059,0.21488729,0.27286848,0.17148545,0.0,0.0,0.00836643,0.08017355,0.039868273,0.07797121,0.030567773,0.041372016,0.15859051,0.057077497,0.0,0.12710656,0.2369582,0.19042343,0.08134006,0.023880363,0.09069232,0.0,0.43432057,0.08329524,0.02550716,0.03022243,0.122035384,0.15352678,0.11306394,0.05958624,0.14007863,0.2988538,0.18737184,0.085744455,0.06378403,0.1705765,0.09597521,0.11159409
111,AM997,0.31882372,0.0,0.43370798,0.0,0.38465452,0.1381631,0.43797535,0.31931275,0.7099837,0.09872417,0.22577286,0.2658884,0.06877112,1.0969,0.31494975,0.3443843,0.24926184,0.11117381,0.06626354,0.14968522,0.18262976,0.058462977,0.17106897,0.015457444,0.040177934,0.16095077,0.049865603,0.0,0.112292245,0.20157836,0.18137276,0.050146207,0.0,0.1302833,0.0,0.45640966,0.08509286,0.0,0.027645119,0.11182374,0.15014857,0.1298984,0.05772488,0.1603637,0.08276467,0.09060902,0.083717406,0.100809485,0.18314546,0.14116709,0.073402524
112,AN087,0.42692995,0.0,0.7439873,0.4245016,0.46461138,0.36177015,0.54961073,0.32787418,0.52326345,0.18808626,0.14865512,0.21053514,0.058963835,1.0468192,0.26106897,0.3261492,0.32904506,0.12180084,0.008835331,0.12270568,0.27189395,0.07547091,0.1720928,0.033738356,0.032154303,0.12837957,0.0,0.0,0.0,0.18724254,0.1466026,0.053847313,0.08722013,0.12306659,0.018076688,0.48278674,0.17255364,0.0362167,0.0,0.036659986,0.26158398,0.23466228,0.03953825,0.36982903,0.44386834,0.32156938,0.16051637,0.34122634,0.2537418,0.1454144,0.13000879
113,AN268,0.14449653,0.0,0.28633866,0.0,0.24554114,0.10592555,0.25746545,0.24750596,0.41157869,0.025363669,0.10794899,0.16774175,0.03252336,0.9867105,0.32204705,0.30499977,0.2937035,0.22284253,0.17185412,0.32403445,0.3223776,0.14350949,0.2648797,0.12796266,0.06593847,0.13684168,0.16515926,0.0571929,0.19441696,0.27762955,0.20638983,0.15653063,0.017223954,0.14034101,0.04483479,0.377032,0.112300135,0.08920926,0.02445656,0.24190745,0.12160436,0.11967124,0.10791539,0.24967135,0.23579943,0.21598557,0.079113975,0.22913295,0.12748611,0.1176033,0.06136256
114,AN565,0.40547633,0.010083377,0.5157391,0.10488677,0.3974952,0.20600587,0.46035165,0.24054796,0.7436776,0.23865679,0.26664695,0.25097013,0.061159607,1.0840181,0.28644457,0.2892415,0.22758074,0.10062297,0.08671434,0.25489402,0.372862,0.06771791,0.25268468,0.066237524,0.04159488,0.13750494,0.008665755,0.02093057,0.116484314,0.24741139,0.19330886,0.045479253,0.0,0.1609563,0.038193356,0.51962245,0.15459636,0.018590309,0.029657878,0.05754274,0.20915644,0.13309851,0.068272345,0.14213593,0.16623901,0.19575857,0.13256803,0.10284239,0.20356688,0.16307575,0.106865354
115,AN739,0.49873614,0.0804373,0.76388454,0.34104687,0.58219814,0.33245033,0.42921376,0.32377174,0.4422331,0.124014884,0.10370103,0.12838311,0.035619456,0.9423157,0.294285,0.30845687,0.36708778,0.2792446,0.1406165,0.25824052,0.39188063,0.16574003,0.27419287,0.037762783,0.048139777,0.18834782,0.0,0.0,0.0,0.19031814,0.15690005,0.03975296,0.0,0.24234673,0.07507855,0.5646353,0.16951306,0.058060795,0.0,0.06485683,0.3184833,0.31036305,0.047798872,0.5651375,0.46249318,0.320218,0.17871846,0.34101468,0.2867869,0.193587,0.1395597
116,AN885,0.47244918,0.17597789,0.6969583,0.8242473,0.5074215,0.24867055,0.2486906,0.36287814,0.10161528,0.0,0.0,0.0,0.0,0.8591716,0.25732952,0.3134389,0.48022956,0.51071924,0.2301777,0.12168527,0.13529915,0.22803062,0.05986772,0.061009057,0.0,0.17718714,0.0,0.0,0.033822864,0.18016104,0.13350233,0.087313235,0.51372373,0.1295723,0.019553397,0.40878317,0.065301605,0.06321989,0.0,0.07920474,0.22012773,0.25145662,0.028101452,0.38062885,0.50090736,0.26856357,0.09980147,0.15253323,0.17812295,0.19172329,0.09486256
117,AO080,0.36926228,0.12118757,0.428004,0.10529518,0.3151507,0.11046566,0.3063408,0.15901656,0.7282732,0.16020247,0.2707883,0.25066936,0.07408113,0.89988065,0.24745563,0.20294316,0.14567554,0.0,0.0075327232,0.09463826,0.112702906,0.09372409,0.11157583,0.07134042,0.0,0.11663346,0.14502051,0.017634109,0.3117121,0.32612818,0.30873057,0.21042301,0.103526056,0.1508557,0.04746867,0.4661726,0.19574086,0.04580175,0.053705305,0.28611937,0.10673294,0.101319924,0.082329914,0.094729364,0.19374579,0.320394,0.08724287,0.30699372,0.12905937,0.09434448,0.106223665
118,AO091,0.35471228,0.0,0.44374844,0.968782,0.33772302,0.27637976,0.37010002,0.29265776,0.31540105,0.19421272,0.0766442,0.10607423,0.1152174,0.92608553,0.31186014,0.25926414,0.18583378,0.09312387,0.06586638,0.3840042,0.46285626,0.030061454,0.16136461,0.06902781,0.056713186,0.32018963,0.076323956,0.15569752,0.031414703,0.1296159,0.11048551,0.0,0.0,0.12669449,0.0026793433,0.3517164,0.038816396,0.0,0.0,0.0,0.17734031,0.058653742,0.035796367,0.13848422,0.40707082,0.13534819,0.15880775,0.16607702,0.15712032,0.14715646,0.09978846
119,AO235,0.32456547,0.0,0.37772387,0.0,0.32905483,0.17526983,0.3704103,0.2557911,0.6059767,0.3146575,0.21813652,0.23480652,0.10432501,1.0117544,0.24952841,0.23467593,0.14179198,0.0,0.07753675,0.14088517,0.24012385,0.07914074,0.18209884,0.16124816,0.08121839,0.26198682,0.15815455,0.06892865,0.25724715,0.25305504,0.20870505,0.18501212,0.0,0.19266376,0.08901864,0.48595262,0.13645944,0.08944772,0.035772964,0.33183846,0.17419669,0.12570152,0.081561,0.19983582,0.104652,0.19027501,0.11765282,0.1266084,0.2204087,0.15354937,0.08498551
120,AO309,0.27229506,0.0,0.35438776,0.21346337,0.24515985,0.16873504,0.3237127,0.22360997,0.51748437,0.10291274,0.25471163,0.26322693,0.10470149,0.9029842,0.2060376,0.2382882,0.08694996,0.06775032,0.13493885,0.13814944,0.18500075,0.035084456,0.1357956,0.09239205,0.1339646,0.1760129,0.13866034,0.11403819,0.22655474,0.15044302,0.19422774,0.23065703,0.18871087,0.28650308,0.120278664,0.33422172,0.20241465,0.08871056,0.036134005,0.20435703,0.20380487,0.18545406,0.14249615,0.334668,0.27235088,0.28743726,0.18171635,0.26752216,0.20107839,0.107653245,0.0720526
121,AO882,0.15313633,0.0,0.2589342,0.2619273,0.22801904,0.08139304,0.3321685,0.19293168,0.52920943,0.057779282,0.12095234,0.24780464,0.015478314,0.89540696,0.2254146,0.2162865,0.2256461,0.07569304,0.07123391,0.44076473,0.46480355,0.14004618,0.3120435,0.15611146,0.026850924,0.045057386,0.15641055,0.01987898,0.18572272,0.20213799,0.32662183,0.16805132,0.04495287,0.114312395,0.080213115,0.4063914,0.115520194,0.1455337,0.06521215,0.30948302,0.04986558,0.083646506,0.12084262,0.18382807,0.20702678,0.14198206,0.034097876,0.2810207,0.1304469,0.06954404,0.03332728
122,AP048,0.17958002,0.0,0.2707426,0.0,0.2652426,0.13284628,0.23385438,0.12380756,0.4135356,0.23410684,0.023544155,0.043124788,0.045423396,1.0411137,0.4512506,0.36557597,0.31578618,0.15404753,0.12659098,0.79721034,0.9258519,0.13866472,0.6769059,0.15078484,0.09300431,0.2584419,0.15228367,0.28303605,0.054314554,0.2819482,0.15152651,0.0,0.0,0.18782203,0.06263928,0.4139714,0.1794177,0.0060153455,0.0,0.0,0.10926455,0.10126507,0.05389297,0.25912392,0.29965258,0.3526342,0.14066073,0.44242597,0.16375735,0.092121735,0.09498928
123,AP182,0.3554655,0.047376424,0.44004145,0.026350528,0.33506674,0.19217563,0.5018203,0.31310627,0.74373,0.2144866,0.22886474,0.26989412,0.099258274,1.0722014,0.26107556,0.30728844,0.23585793,0.017925054,0.02110631,0.08930806,0.17038032,0.097669974,0.15672617,0.075234525,0.0615329,0.24626161,0.22725049,0.022685558,0.1960013,0.2619631,0.22372541,0.12958817,0.04281944,0.10580094,0.019158032,0.45628062,0.120881625,0.084009126,0.06950078,0.36203787,0.16072229,0.17094061,0.077271804,0.1803361,0.08751519,0.19727504,0.06255701,0.27334708,0.22571033,0.12290908,0.093958706
124,AP283,0.26503223,0.0,0.3596804,0.3066966,0.35036832,0.24725288,0.5212664,0.25564831,0.5854106,0.1729536,0.15504119,0.27324653,0.10481699,0.84187907,0.25887424,0.21069352,0.20589113,0.121923804,0.1445464,0.49026713,0.58576703,0.14392902,0.3407909,0.08344965,0.046899725,0.17516452,0.10168387,0.09489694,0.10066745,0.19404638,0.2839107,0.1367025,0.44821334,0.22191538,0.05977924,0.49517268,0.2608416,0.009906873,0.047659136,0.2015295,0.2515545,0.2434526,0.13791195,0.19055712,0.15276206,0.29530072,0.17752397,0.77016634,0.27265963,0.13951966,0.13214141
125,AP450,0.16931811,0.0,0.2578496,0.30990273,0.23956595,0.12216006,0.23485312,0.16358592,0.6762395,0.1560187,0.18656413,0.30204946,0.06626104,1.0814905,0.3907888,0.3933789,0.24260819,0.23844884,0.1718323,0.9344177,1.0510901,0.1520048,0.64816034,0.18114763,0.08273676,0.11487554,0.17864868,0.2981122,0.22461565,0.22922444,0.30145645,0.15837316,0.22304338,0.20238529,0.10744936,0.5047546,0.17651172,0.012005843,0.053114906,0.17694196,0.215392,0.19607778,0.11104193,0.25708678,0.18705684,0.25310546,0.10499082,0.29376578,0.21149805,0.09941968,0.09132773
126,AP679,0.24451956,0.0,0.36423695,0.0,0.23994137,0.14106305,0.4157542,0.21912356,0.5973987,0.11291988,0.13761902,0.22388756,0.049981073,0.8909328,0.20522447,0.20545225,0.21202013,0.034677915,0.008706972,0.18343571,0.21813902,0.057875365,0.10824423,0.051273067,0.0,0.094317645,0.08635406,0.0,0.0339303,0.17326592,0.20695233,0.0944957,0.121402144,0.06510476,0.0,0.36981428,0.08085704,0.0,0.012270428,0.08118719,0.11669529,0.13487615,0.07129116,0.07059045,0.03950113,0.11662292,0.061550118,0.16892278,0.19278303,0.11592214,0.05308175
127,AP810,0.42088443,0.0,0.41093388,0.43366176,0.3169356,0.15415151,0.45118427,0.19538687,0.79993236,0.22232337,0.22950928,0.29063106,0.085519254,1.0707648,0.26822537,0.25761953,0.19047162,0.03918106,0.010508627,0.3893821,0.43940568,0.11636092,0.27242994,0.15326163,0.0,0.10589369,0.06325798,0.03553117,0.09717134,0.2358052,0.26237017,0.157393,0.1277327,0.16170906,0.053784296,0.5318364,0.14036632,0.037507236,0.011011928,0.11388165,0.16075665,0.15858456,0.09767316,0.07759917,0.19935971,0.20157926,0.122929335,0.16664362,0.24239516,0.1457134,0.11171514
128,AP839,0.26976356,0.12603155,0.29604244,0.26896614,0.17294988,0.07801556,0.18441395,0.1426354,0.531005,0.2473068,0.18387605,0.16024445,0.09433085,1.0034909,0.31565273,0.27300593,0.17433286,0.013956413,0.09615977,0.36357468,0.40648916,0.22339863,0.29768938,0.28233615,0.1315932,0.30737716,0.28533852,0.26261827,0.57066023,0.31293893,0.30215123,0.35266083,0.55853105,0.20626774,0.14252338,0.36354086,0.14515153,0.12336159,0.04936157,0.39044592,0.05732953,0.10090884,0.091558285,0.22930595,0.22227246,0.262341,0.06483239,0.04627192,0.08536358,0.059503593,0.08307033
129,AP858,0.26635167,0.13665125,0.3219733,1.034718,0.22366443,0.13753077,0.17446215,0.1428603,0.2542896,0.21186367,0.023388157,0.03473998,0.0,0.86020136,0.20421304,0.17645037,0.17111552,0.17776719,0.10533555,0.8090067,0.90345603,0.29685578,0.5111978,0.30016482,0.013550837,0.03436552,0.13011074,0.25477535,0.30949402,0.26416153,0.20454586,0.3562525,0.6361655,0.15009832,0.13069496,0.44504553,0.1966245,0.2060303,0.04403112,0.36377123,0.18794532,0.17105308,0.11678423,0.06440959,0.40308416,0.24048151,0.10247764,0.24681276,0.15072474,0.123709574,0.07349193
