stimulus,Green,Cucumber,Herbal,Mint,Woody,Pine,Floral,Powdery,Fruity,Citrus,Tropical,Berry,Peach,Sweet,Caramellic,Vanilla,BrownSpice,Smoky,Burnt,Roasted,Grainy,Meaty,Nutty,Fatty,Coconut,Waxy,Dairy,Buttery,Cheesy,Sour,Fermented,Sulfurous,Garlic.Onion,Earthy,Mushroom,Musty,Ammonia,Fishy,Fecal,Rotten.Decay,Rubber,Phenolic,Animal,Medicinal,Cooling,Sharp,Chlorine,Alcoholic,Plastic,Ozone,Metallic
AA034,0.384615385,0.038461538,0.692307692,0,0,0.307692308,0.230769231,0,0.153846154,0.538461538,0.115384615,0.038461538,0,0.307692308,0,0,0.153846154,0.384615385,0.076923077,0.384615385,0,0.230769231,0.423076923,0,0,0,0,0.192307692,0.461538462,0.346153846,0.153846154,0.423076923,2.192307692,0,0,0,0.153846154,0,0,0,0,0,0,0.153846154,0.115384615,0.538461538,0,0.115384615,0,0.153846154,0.192307692
AA160,0,0,0.384615385,0.423076923,0,0,0,0,0,0,0,0,0,0.192307692,0,0,0,0,0,0.153846154,0,0.115384615,0,0,0,0.153846154,0.846153846,0,0.5,0.769230769,0.115384615,0.346153846,0,0.269230769,0,0.384615385,0.038461538,0,0.538461538,1.884615385,0.576923077,0.384615385,0.038461538,0.692307692,0.615384615,0,0.115384615,0.038461538,0.615384615,0.076923077,0.115384615
AA232,0.076923077,0,0.115384615,0,0,0,0.5,0.5,0,0.192307692,0,0,0,0.576923077,0,0,0,0.384615385,0.846153846,0.576923077,0.153846154,0.115384615,0.115384615,0,0,0.076923077,0,0,0.230769231,0.153846154,0.115384615,0.269230769,0.192307692,0.230769231,0.346153846,0,0.346153846,0.153846154,0,0.538461538,0.115384615,0.576923077,0.846153846,0.038461538,0,0.384615385,0.192307692,0,0.5,0.076923077,0
AA379,0,0,0.269230769,0.269230769,0.269230769,0.038461538,0.461538462,0.769230769,0,0,0,0.153846154,0,1.269230769,0,0.153846154,0.076923077,1.730769231,0.115384615,0.192307692,0,0.615384615,0,0,0.115384615,0.115384615,0,0,0.423076923,0,0.192307692,0.153846154,0.230769231,0.153846154,0,0.576923077,0,0,0,0,0.115384615,0.230769231,0.192307692,0.115384615,0.038461538,0.153846154,0,0,0,0.115384615,0
AA387,0.153846154,0,0.269230769,4,0.115384615,0.115384615,0,0.230769231,0.269230769,0,0,0.153846154,0,1.538461538,0,0.192307692,0,0,0.307692308,0,0,0.153846154,0,0,0,0,0,0,0.038461538,0,0.153846154,0,0,0,0,0,0,0,0.038461538,0,0,0,0,0.615384615,1.384615385,0,0,0.038461538,0,0,0
AA420,0.884615385,2.846153846,0,0.230769231,0.153846154,0,0.576923077,0.346153846,0.346153846,0,0.038461538,0,0,0.230769231,0,0,0,0,0,0,0,0,0.230769231,0.115384615,0,0.115384615,0,0,0,0,0,0,0,0,0,0,0,0,0,0,0.038461538,0.115384615,0,0,0.346153846,0,0.346153846,0.153846154,0.5,0,0
AA495,0.076923077,0,0.076923077,0,0.115384615,0.230769231,0,0.5,0,0,0.038461538,0,0.192307692,1,0.153846154,0.115384615,0,0.192307692,0,0.807692308,0.961538462,0,0.807692308,0.692307692,0.730769231,0.653846154,0.346153846,1.692307692,0.576923077,0,0,0,0.153846154,0.346153846,0.230769231,0.076923077,0,0,0,0,0.038461538,0,0,0,0.153846154,0,0,0,0.192307692,0,0
AA592,0.115384615,0,0.192307692,0,0,0,0.5,0.423076923,0.153846154,0,0,0.115384615,0,0.269230769,0,0,0,0,0.153846154,0.192307692,0.076923077,0.153846154,0.269230769,0.461538462,0.230769231,0.115384615,0.346153846,0.153846154,0.269230769,0.576923077,0.076923077,0.115384615,0.192307692,0.230769231,0,0.153846154,0.115384615,0.192307692,0.307692308,0.461538462,0.076923077,0.192307692,0.307692308,0,0.038461538,0,0,0.076923077,0,0.115384615,0
AB036,0.277777778,0,0.222222222,0.777777778,0,0.222222222,0.222222222,0.777777778,0.666666667,0.222222222,0.111111111,0,0.388888889,0.666666667,0.111111111,0.277777778,0,0,0.166666667,0,0,0,0,0,0,0.555555556,0,0.277777778,0,0,0,0,0.166666667,0,0.222222222,0.166666667,0,0,0,0,0,0.166666667,0,2.055555556,1.055555556,0.222222222,0.388888889,0.388888889,0.166666667,0.5,0.222222222
AB193,0,0,0,0,0,0,0.777777778,0.722222222,0,0,0,0,0,0.777777778,0.222222222,0,0,0,0,0,0.166666667,0,0.055555556,0.333333333,0.222222222,0,1.777777778,0.111111111,0.611111111,1.611111111,0.055555556,0,0,0,0.111111111,0.444444444,0,0,0.277777778,1.5,0,0.388888889,0.388888889,0,0,0.166666667,0,0,0.166666667,0,0
AB357,0,0.166666667,0,3.055555556,0.444444444,0.666666667,0.833333333,0.555555556,0.555555556,0,0.222222222,0.833333333,0.111111111,1.111111111,0,0.055555556,0,0,0,0,0,0,0,0,0,0.166666667,0,0,0,0.444444444,0,0,0,0,0,0.444444444,0,0,0,0,0,0.388888889,0,0.388888889,1.055555556,0.222222222,0.333333333,0.111111111,0.222222222,0.611111111,0.5
AB567,0.166666667,0,0.277777778,0,0,0,0.111111111,0,0.055555556,0,0,0,0,0.166666667,0,0,0,0,0,0.666666667,0,0.777777778,0.055555556,0.944444444,0.277777778,0.611111111,0,0,0,0.222222222,0.277777778,0,3.944444444,0.055555556,0.055555556,0,0.111111111,0,0,0,0,0.055555556,0.222222222,0.222222222,0,0.277777778,0,0,0,0,0
AB618,0.555555556,2.388888889,0.444444444,0.611111111,0.333333333,0,0.222222222,0.777777778,0.833333333,0,0,0.222222222,0,1,0,0.055555556,0,0,0,0.166666667,0.166666667,0,0,0.166666667,0,0,0,0,0,0.222222222,0,0,0,0,0,0.222222222,0,0,0,0,0,0.277777778,0,0.111111111,0.277777778,0,0,0,0.277777778,0.055555556,0
AB633,0,0,0,0.666666667,0.222222222,0,0,0,0,0,0,0,0.166666667,0.611111111,0,0,0,0,0,0.222222222,0.444444444,0,0.166666667,0.5,0,0,0.611111111,0.388888889,0.5,0,0.055555556,0.444444444,0.444444444,0.166666667,0.388888889,0.555555556,0,0.555555556,0,1.277777778,0,0.166666667,0,1.611111111,0.777777778,0.333333333,0,0.444444444,0,0.055555556,0
AB707,0,0,0,4.166666667,0,0,0.222222222,0.555555556,0.222222222,0,0,0.166666667,0,1.722222222,0.388888889,0.666666667,0,0,0,0,0.166666667,0,0,0.055555556,0,0,0,0,0,0,0.055555556,0,0,0,0,0,0,0,0,0,0,0,0,0,1.166666667,0,0,0.388888889,0,0.111111111,0
AB731,0.055555556,0,1.055555556,0.277777778,0.833333333,0.388888889,0,0.333333333,0,0,0,0.111111111,0,0.333333333,0,0,0.055555556,0,0,0,0,0,0,0,0,0.222222222,0,0,0,0,0,0,0,0.055555556,0,1.111111111,0,0,0,0,1.166666667,1.444444444,0.277777778,0.222222222,0.444444444,0,0.111111111,0,0.944444444,0.333333333,0
AB744,0.333333333,0.333333333,0.166666667,0,0.166666667,0,1.722222222,0.944444444,0,0,0,0,0,0.722222222,0,0.055555556,0,0,0,0,0,0,0,0,0,0.166666667,0,0,0,0.388888889,0.222222222,0,0,0.111111111,0,0.666666667,0,0,0,0,0,0.777777778,0.166666667,0.111111111,0,0.222222222,0.388888889,0,0.055555556,0.055555556,0
AC220,0,0,0,0,0,0,0.111111111,0,0.074074074,0,0,0,0,0.111111111,0,0,0,0.185185185,0.962962963,1.333333333,0.814814815,0.62962963,0.592592593,0.222222222,0.074074074,0,0.185185185,0.555555556,0.814814815,0.481481481,0.592592593,0.296296296,0.37037037,0.185185185,0.148148148,0.074074074,0.185185185,0,0,0.814814815,0.111111111,0.074074074,0.444444444,0,0,0,0,0.111111111,0,0,0
AC299,0.107142857,0,0.285714286,0.785714286,0,0.142857143,0.178571429,0.25,0.571428571,0.107142857,0.107142857,0.5,0.142857143,0.821428571,0.392857143,0.392857143,0.071428571,0.107142857,0.107142857,0.071428571,0.25,0.071428571,0.178571429,0.107142857,0,0.142857143,0,0.107142857,0,0.107142857,0.464285714,0.214285714,0,0.107142857,0.107142857,0.571428571,0.5,0,0,0,0.142857143,0.321428571,0.035714286,0.357142857,0.678571429,0.892857143,0,0.642857143,0.428571429,0.035714286,0
AC327,0,0,0.037037037,0.111111111,0.111111111,0.037037037,0.185185185,0.740740741,0.111111111,0,0,0,0,2.111111111,1.37037037,1.777777778,0.666666667,1,0.666666667,0,0,0.074074074,0.037037037,0,0.222222222,0.037037037,0.148148148,0.037037037,0.037037037,0,0,0.111111111,0,0,0,0.444444444,0,0,0,0,0,0.259259259,0,0.148148148,0.037037037,0.037037037,0.259259259,0.148148148,0.074074074,0.037037037,0
AC394,1.678571429,1.25,1.321428571,0.071428571,0.25,0.178571429,0.035714286,0,0,0.071428571,0,0,0,0.071428571,0,0,0.107142857,0.285714286,0.178571429,0.214285714,0.392857143,0.285714286,0,0.071428571,0.107142857,0,0.071428571,0,0,0.357142857,0.642857143,0.178571429,0.214285714,0.285714286,0.285714286,0.357142857,0.071428571,0,0.107142857,0.321428571,0,0.107142857,0,0,0,0.142857143,0.214285714,0,0.107142857,0,0.071428571
AC627,0,0,0.259259259,0.148148148,0.074074074,0.037037037,0.111111111,0.37037037,0,0,0,0,0,1.407407407,1.148148148,1.185185185,0.555555556,1.777777778,0.666666667,0.111111111,0,0,0.074074074,0.148148148,0,0.296296296,0.037037037,0,0,0.111111111,0,0,0,0.074074074,0,0.444444444,0.148148148,0,0,0,0,0.777777778,0,0.148148148,0.074074074,0,0.037037037,0.185185185,0.37037037,0.740740741,0.037037037
AC729,0.111111111,0,0.074074074,0.111111111,0,0.074074074,0.222222222,0,0,0,0,0.074074074,0,1.333333333,0.851851852,0.481481481,0.148148148,0.296296296,0.074074074,0.814814815,0.62962963,0.148148148,0.296296296,0.111111111,0.296296296,0.111111111,0.518518519,0,0,0.148148148,0,0,0,0.148148148,0,0.185185185,0.037037037,0,0,0.037037037,0.333333333,0.333333333,0.037037037,0.148148148,0.074074074,0.296296296,0.148148148,0.296296296,0.703703704,0.148148148,0.185185185
AC754,0.148148148,0,0,0,0.111111111,0.111111111,0.148148148,0,0.148148148,0.148148148,0.185185185,0.037037037,0.111111111,0.222222222,0.074074074,0.148148148,0.111111111,0.185185185,0.148148148,0.444444444,0.222222222,0.185185185,0.148148148,0.074074074,0,0,0.111111111,0.037037037,0.074074074,0.333333333,0.592592593,0.185185185,0,0.481481481,0.222222222,0.777777778,0.259259259,0.037037037,0.148148148,0.37037037,0.074074074,0.074074074,0.703703704,0,0,0,0,0,0,0.037037037,0
AC820,2.481481481,1.259259259,1.148148148,0,0.185185185,0.37037037,0.111111111,0.074074074,0.111111111,0.037037037,0,0,0,0.111111111,0,0,0.185185185,0.222222222,0.111111111,0.185185185,0.148148148,0.074074074,0,0.037037037,0,0,0.074074074,0,0,0.037037037,0.444444444,0.37037037,0.111111111,0.518518519,0.111111111,0.407407407,0.111111111,0,0,0,0,0,0.111111111,0,0,0.444444444,0.185185185,0,0,0.037037037,0
AC958,1.37037037,0.481481481,1.777777778,0,0.407407407,0.37037037,0.148148148,0.148148148,0.074074074,0.111111111,0,0,0,0,0,0,0.777777778,0.703703704,0.296296296,0.333333333,0,0.37037037,0,0.037037037,0,0,0,0,0,0.148148148,0.518518519,0.074074074,0.185185185,0.407407407,0.148148148,0.37037037,0.037037037,0,0,0.111111111,0,0,0,0,0,0.481481481,0.185185185,0.037037037,0.148148148,0.074074074,0
AD048,0.2,0.066666667,0.2,0,0,0,0,0,0,0,0,0,0,0.2,0,0,0,0.133333333,0,0.333333333,0.2,0,0.133333333,0.2,0,0.2,0.2,0,0.066666667,0,0,0,2,0,0.133333333,0,0,0.066666667,0.266666667,0.333333333,0,0,0,0,0.066666667,0,0,0,0,0,0
AD074,0.1875,0.5625,0.1875,0,0,0.125,0.0625,0,1.3125,0.125,0.1875,0.4375,0.125,1.5625,0.25,0.375,0,0.3125,0,0,0,0,0,0,0,0,0,0.0625,0,0.0625,0.75,0,0,0,0,0.0625,0.125,0,0,0,0,1.1875,0,0,0.0625,0.1875,0,0.4375,0.1875,0,0
AD230,0.214285714,0,0.857142857,0.785714286,1.285714286,1,0.285714286,0.214285714,0,0,0,0,0,0.428571429,0.642857143,0.357142857,0.142857143,0.357142857,0,0.071428571,0,0,0,0,0,0,0,0,0,0,0,0,0,0.285714286,0,0.714285714,0.071428571,0,0,0,1.071428571,0.214285714,0,0.428571429,0.142857143,0,0,0,0.642857143,0.071428571,0
AD315,1.0625,3.25,0.5625,0.25,0.5625,0.1875,0.125,0,0.3125,0.25,0.125,0.0625,0,0.375,0,0,0,0,0,0.0625,0.1875,0.125,0,0.1875,0,0,0,0,0,0,0,0,0,0.1875,0,0.1875,0,0,0,0,0,0,0,0,0.25,0.1875,0,0,0.125,0.375,0
AD481,0.230769231,0,0.461538462,0.230769231,0.307692308,0,0,0,0,0,0,0,0,0,0,0,0,0,0.076923077,0,0,0.230769231,0.384615385,0.923076923,0,0,0.769230769,0.692307692,1.615384615,0.307692308,0,0.769230769,0.846153846,0,0.461538462,1,0,1.153846154,0,1.153846154,0,0.230769231,0.230769231,0,0,0.153846154,0,0.307692308,0,0.076923077,0
AD649,0.214285714,0,0.071428571,0,0,0,0,0,0,0,0,0,0,0,0,0,0,0.214285714,0,0,0,0.428571429,0.285714286,1.142857143,0,0.071428571,0.571428571,0.428571429,1.5,0.5,1.357142857,0.857142857,1,0.642857143,0.642857143,0.642857143,0,1,0,1.214285714,0,0,0,0,0,0,0,0,0,0,0
AD659,0,0,0.266666667,0.4,0,0.133333333,0.333333333,0.333333333,0.4,0.2,0.8,0.133333333,0,2.533333333,0.266666667,1.666666667,0.4,0.6,0.133333333,0,0,0,0,0,0.2,0,0,0,0,0.2,0.266666667,0,0,0,0,0.6,0.466666667,0.066666667,0,0,0,0.2,0,0,0.133333333,0.133333333,0.2,0.466666667,0,0.066666667,0
AD737,0.230769231,0,0.461538462,0.538461538,0,0.307692308,0,0.307692308,0.769230769,0,0.230769231,0.076923077,0,0.384615385,0,0,0,0,0,0,0,0,0,0,0,0,0,0,0,0,0.384615385,0,0,0.153846154,0,0.538461538,0.153846154,0,0,0.076923077,0.461538462,0.615384615,0.307692308,0.307692308,0.692307692,0.230769231,0,0.538461538,0.230769231,0.153846154,0.230769231
AD808,1.625,3.875,0.6875,0.375,0.3125,0.25,0.4375,0.4375,0.25,0.125,0.0625,0.0625,0,0.25,0,0,0,0,0,0,0,0,0,0,0,0,0,0,0,0,0,0,0,0,0,0.125,0,0,0,0,0,0.25,0,0,0.4375,0.125,0,0,0.125,0.3125,0
AE004,0.642857143,0.607142857,0.892857143,0.357142857,0.214285714,0.142857143,0.535714286,0.142857143,0.642857143,0.178571429,0.75,0.142857143,0.142857143,0.678571429,0,0.107142857,0,0.142857143,0,0.071428571,0.071428571,0,0.25,0,0,0,0.321428571,0,0.214285714,0.321428571,0.25,0,0,0.035714286,0.035714286,0,0.214285714,0,0.035714286,0,0.107142857,0.107142857,0,0.214285714,0.142857143,0.214285714,0.5,0.285714286,0.392857143,0.5,0
AE334,0.111111111,0,1.074074074,0.333333333,0.740740741,0.666666667,0.518518519,0.555555556,0.111111111,0,0,0,0,0.259259259,0.185185185,0.111111111,0,0.222222222,0,0,0,0,0,0,0,0,0,0,0,0,0.185185185,0.074074074,0,0.074074074,0.074074074,0.925925926,0.222222222,0,0,0,1.222222222,0.851851852,0,0.851851852,0.851851852,0.111111111,0.222222222,0.296296296,0.444444444,0.148148148,0.444444444
AE379,1.185185185,0.444444444,0.37037037,0.111111111,0.148148148,0,0.037037037,0.185185185,0,0.037037037,0,0,0,0,0.074074074,0,0,0.185185185,0,1.037037037,1.962962963,0.037037037,1.111111111,0.740740741,0,0,0.074074074,0.111111111,0,0.407407407,0.37037037,0.296296296,0.074074074,0.555555556,0.037037037,0.222222222,0.111111111,0.074074074,0,0,0,0,0.148148148,0,0.037037037,0.074074074,0,0,0,0.037037037,0.111111111
AE421,0.222222222,0,0.222222222,0.074074074,0.222222222,0.333333333,1.037037037,0.259259259,0.148148148,0,0,0.148148148,0,0.592592593,0,0.148148148,0.111111111,0.148148148,0,0,0.037037037,0,0,0,0,0,0.185185185,0,0,0.444444444,0.074074074,0,0,0.111111111,0,0.074074074,0.148148148,0,0,0,0,0.296296296,0.37037037,0.518518519,0.888888889,0.518518519,0.592592593,3.481481481,0,0,0.037037037
AE532,0.111111111,0.148148148,0.481481481,0.37037037,0.296296296,0,0.111111111,0,0.518518519,0,0.111111111,0.259259259,0,0.777777778,0.222222222,0.296296296,0.185185185,0.111111111,0,0.962962963,0.925925926,0,0.814814815,0,0,0.148148148,0,0.148148148,0,0,0.111111111,0.111111111,0,0,0,0.111111111,0.037037037,0,0,0,0,0.481481481,0,1.259259259,1.037037037,0.444444444,0,0.555555556,0.074074074,0,0
AE574,0.37037037,0.481481481,0.296296296,0.111111111,0.333333333,0.074074074,0.296296296,0,0.777777778,0.222222222,0.592592593,0.407407407,0.111111111,0.111111111,0.111111111,0,0.074074074,0,0,0,0.111111111,0,0.148148148,0.111111111,0,0,0.222222222,0.444444444,0.925925926,0.259259259,0.925925926,0.111111111,0,0.148148148,0,0.222222222,0,0,0.888888889,1.037037037,0.185185185,0.148148148,0.296296296,0.185185185,0.222222222,0.407407407,0.222222222,0.333333333,0.185185185,0,0
AE646,0.392857143,0.25,0.285714286,0.107142857,0.428571429,0.321428571,0.785714286,0.142857143,0.464285714,0,0.107142857,0,0,0.178571429,0,0,0,0.107142857,0.107142857,0.357142857,0.25,0,0,0.142857143,0,0,0,0,0,0.107142857,0.357142857,0.178571429,0.071428571,0.714285714,0.321428571,0.857142857,0.214285714,0.428571429,0.285714286,0.25,0,0.071428571,0.285714286,0,0.107142857,0.142857143,0.071428571,0.214285714,0.035714286,0.107142857,0.142857143
AE715,0.642857143,0.071428571,0.535714286,0.607142857,0.25,0.678571429,0.25,0.071428571,0,0.107142857,0,0,0,0.321428571,0,0,0.035714286,0,0,0,0,0,0,0,0,0,0,0,0,0,0,0,0,0.785714286,0,0.428571429,0.535714286,0,0,0.142857143,0.071428571,0.285714286,0.071428571,1.607142857,1.642857143,1.357142857,0.892857143,0.821428571,0,0.178571429,0.464285714
AE809,0.678571429,0.071428571,0.178571429,0,0.178571429,0.071428571,0,0.071428571,0.107142857,0.178571429,0,0.107142857,0,0.428571429,0.142857143,0.142857143,0,0,0.071428571,1.035714286,1.714285714,0.142857143,0.75,0.214285714,0.142857143,0,0.142857143,0.071428571,0,0.142857143,0,0.285714286,0.142857143,0.642857143,0.535714286,0.357142857,0.142857143,0,0,0.107142857,0,0.214285714,0.142857143,0,0,0.107142857,0,0,0.321428571,0.071428571,0.035714286
AE810,0.25,0.25,0.75,0.25,0.892857143,0.535714286,0.178571429,0.321428571,0.642857143,0.035714286,0.285714286,0.142857143,0,0.571428571,0.071428571,0.25,0.071428571,0.25,0,0,0.071428571,0,0,0.142857143,0,0.107142857,0,0,0,0,0.035714286,0,0,0.107142857,0,0.642857143,0.107142857,0,0,0,0.821428571,0.821428571,0,0.107142857,0.428571429,0,0.25,0.25,0.607142857,0.392857143,0.107142857
AE911,0.555555556,0.074074074,0.62962963,0.37037037,0.259259259,0.407407407,0.37037037,0,0,0.111111111,0.148148148,0,0.222222222,0.592592593,0,0,0,0,0,0,0,0,0,0,0,0,0,0,0,0.185185185,0.222222222,0.111111111,0.037037037,0.296296296,0,0.814814815,0.62962963,0,0,0,0.37037037,0.296296296,0,1.666666667,1.481481481,1.37037037,0.777777778,1.222222222,0.333333333,0.148148148,0.37037037
AE942,0.740740741,0.074074074,0.296296296,0.074074074,0.111111111,0.444444444,0.296296296,0.333333333,0,0.148148148,0,0,0,0.259259259,0,0,0,0,0,0,0,0,0,0,0,0,0,0,0,0.111111111,0.148148148,0.074074074,0,0.851851852,0.185185185,0.518518519,1.037037037,0.111111111,0,0.111111111,0.111111111,0.259259259,0.111111111,1.62962963,0.666666667,1.185185185,0.888888889,0.925925926,0.518518519,0.037037037,0.333333333
AE958,0.074074074,0,0.444444444,2.481481481,0,0.333333333,0.111111111,0.074074074,0.259259259,0.148148148,0,0.074074074,0,1.037037037,0.481481481,0.444444444,0.296296296,0.185185185,0,0,0,0,0,0,0.074074074,0,0.222222222,0,0,0.037037037,0,0,0,0,0.037037037,0.111111111,0.740740741,0,0,0,0.296296296,0.592592593,0,0.666666667,1.037037037,1.666666667,0.259259259,1.333333333,0.37037037,0,0
AG056,0.7,0.3,0.5,0.1,0.166666667,0.166666667,0.633333333,0.266666667,0.266666667,0,0.466666667,0.166666667,0.333333333,0.466666667,0,0,0,0,0,0.1,0,0.1,0,0,0,0,0,0,0,0.166666667,0.266666667,0.566666667,0.966666667,0.1,0.133333333,0.833333333,0.733333333,0.2,0.033333333,0.233333333,0.133333333,0.2,0,0.1,0.066666667,0.566666667,0,0.233333333,0.3,0,0.233333333
AG272,0.066666667,0,0.433333333,0.533333333,0.166666667,0.233333333,0.033333333,0.233333333,0.3,0,0,0,0,0.8,0.066666667,0.133333333,0.066666667,0,0,0,0,0,0,0,0,0,0,0,0,0,0.5,0,0.266666667,0,0,0.633333333,0,0,0,0,0.133333333,0,0,2.666666667,1.7,0.366666667,0,0.266666667,0.233333333,0.133333333,0.266666667
AG351,0.133333333,0,0.166666667,0,0.066666667,0,0.2,0,0.5,0,0,0,0,0.366666667,0.1,0.133333333,0.066666667,0.266666667,0.133333333,0.733333333,0.4,0.666666667,0.1,0.066666667,0,0,0,0,0,0.2,0.566666667,0.6,3.7,0.133333333,0.266666667,0.133333333,0,0,0.1,0.1,0.233333333,0.3,0.266666667,0.1,0.033333333,0.066666667,0,0.1,0.266666667,0,0
AG456,0.133333333,0.066666667,0.3,0,0.433333333,0.2,0.466666667,0,0.333333333,0.066666667,0.233333333,0.5,0,1.133333333,0.466666667,0.366666667,0.3,0.066666667,0.066666667,0.9,0.666666667,0,0.8,0.1,0.1,0.066666667,0.233333333,0.133333333,0.133333333,0.033333333,0.233333333,0.066666667,0,0,0,0.533333333,0.166666667,0,0,0,0.133333333,0.366666667,0.133333333,0.3,0.266666667,0,0,0.066666667,0.433333333,0,0.033333333
AG575,0.066666667,0.033333333,0.233333333,0,0,0,0,0,0,0,0,0,0,0.266666667,0,0.066666667,0,0,0.033333333,0.566666667,0.1,0.233333333,0.133333333,0.2,0,0,0.233333333,0.366666667,0.466666667,0.133333333,0.4,0.933333333,3.8,0.133333333,0.433333333,0.533333333,0.1,0,0.066666667,0,0.166666667,0,0,0,0,0,0,0,0.1,0,0.1
AH254,0.133333333,0,0.466666667,0.1,0.566666667,0.066666667,0.2,0.266666667,0.833333333,0.1,0.333333333,0.166666667,0.1,0.7,0.233333333,0.1,0.366666667,0.166666667,0.033333333,0.166666667,0.133333333,0,0.266666667,0,0,0.3,0,0,0.066666667,0.1,0.1,0.233333333,0.066666667,0.166666667,0,0.9,0.3,0,0,0,0.766666667,0.533333333,0,0.633333333,0.933333333,0,0.033333333,0.133333333,0.466666667,0.166666667,0.233333333
AH269,0.133333333,0,0.2,0.033333333,0.133333333,0,0,0,0.133333333,0,0,0,0,0.266666667,0.133333333,0.066666667,0,0.033333333,0.333333333,0.366666667,0.133333333,0.766666667,0.066666667,0.166666667,0,0,0,0.033333333,0.3,0.2,0.6,0.9,4.033333333,0.066666667,0.133333333,0.133333333,0,0,0,0.066666667,0.1,0.033333333,0,0,0,0,0,0.1,0,0,0
AH291,0.2,0,0.1,0,0.266666667,0,0.3,0.066666667,0.6,0,0.133333333,0,0.066666667,0.933333333,0,0.4,0,0,0,0,0,0,0.1,0,0,0,1.366666667,0.233333333,0.866666667,0.366666667,0.366666667,0.666666667,0.133333333,0.4,0.133333333,0.633333333,0.1,0.333333333,1.166666667,2.033333333,0.133333333,0.066666667,0.1,0.233333333,0.066666667,0.366666667,0,0.066666667,0,0,0.1
AH342,0.933333333,3.033333333,0.333333333,0.033333333,0.1,0.066666667,0.633333333,0.1,0.8,0.2,0.333333333,0,0.2,1.1,0.066666667,0.233333333,0,0.166666667,0.133333333,0,0,0,0.066666667,0,0,0,0,0,0,0,0,0,0,0,0,0,0,0,0,0.033333333,0,0,0,0,0.366666667,0,0,0,0.033333333,0.366666667,0.033333333
AH448,0.166666667,0.133333333,0.266666667,0,0.366666667,0.1,0.766666667,0.366666667,1.533333333,0.266666667,0.733333333,1.433333333,0.433333333,1.6,0.7,0.566666667,0.166666667,0,0,0.133333333,0.133333333,0,0.133333333,0,0,0,0,0,0.1,0.166666667,0.333333333,0.066666667,0,0.033333333,0,0.433333333,0.066666667,0,0.033333333,0,0,0.1,0,0.333333333,0.066666667,0,0,0.133333333,0,0.033333333,0
AH489,0.3,0,0.366666667,0.1,0.2,0.2,0.3,0.166666667,0.4,0,0,0.133333333,0.1,0.6,0.133333333,0,0.066666667,0.1,0.066666667,0.166666667,0.1,0,0.266666667,0,0,0.4,0.266666667,0,0.5,0.566666667,0.5,0.366666667,0.4,0.233333333,0,0.866666667,0.1,0,0.133333333,0.366666667,0.766666667,0.133333333,0.1,0.3,0.2,0.133333333,0.133333333,0.133333333,0.433333333,0,0.333333333
AH568,0.1,0.066666667,0.266666667,0,0,0,0.533333333,0.2,1.3,0,0.9,0.266666667,0.066666667,0.866666667,0.133333333,0.3,0,0.1,0.033333333,0,0,0,0.1,0,0.133333333,0,0.066666667,0,0.566666667,0.366666667,0.6,0.566666667,2.633333333,0.133333333,0,0.133333333,0.1,0,0,0.066666667,0,0,0,0.2,0.133333333,0,0,0,0,0,0
AH612,0.1,0,0.366666667,0.166666667,0.433333333,0.2,0.233333333,0.066666667,1.1,0,0.066666667,0.6,0.066666667,1,0.333333333,0.366666667,0.6,0.133333333,0.233333333,0.166666667,0,0.033333333,0.366666667,0,0,0.166666667,0.033333333,0,0,0.033333333,0.166666667,0.133333333,0.166666667,0.066666667,0,0.5,0.133333333,0,0,0,0.333333333,0.233333333,0.133333333,1.133333333,0.6,0.066666667,0.133333333,0.166666667,0.4,0.033333333,0.166666667
AH677,0.433333333,0,0.266666667,0.2,0.233333333,0,0.666666667,0.166666667,0.6,0.066666667,0.466666667,0.233333333,0.4,1.7,0.333333333,0.9,0.3,0,0.1,0.033333333,0,0.1,0.166666667,0.1,1.066666667,1.1,0.533333333,0.466666667,0.8,0.266666667,0,0.233333333,0,0,0.066666667,0.166666667,0,0,0,0.066666667,0.1,0,0,0,0,0,0,0,0,0,0.1
AH733,0.366666667,0,0.3,0.033333333,0.066666667,0.066666667,0.366666667,0.066666667,0.4,0,0.066666667,0,0,0.4,0,0.133333333,0.3,0.2,0,0.366666667,0,0.166666667,0,0,0,0,0,0,0.033333333,0.233333333,0.4,0.566666667,2.966666667,0.366666667,0.033333333,0.333333333,0.133333333,0,0,0.033333333,0.2,0.233333333,0.1,0.3,0.3,0.1,0,0.133333333,0.166666667,0.133333333,0.233333333
AH765,0.1,0.066666667,0.5,0.133333333,0.166666667,0.2,0.666666667,0.5,0.866666667,0.4,0.266666667,0.666666667,0.1,1.2,0.133333333,0.266666667,0.1,0.1,0,0.066666667,0,0.033333333,0.266666667,0,0,0.2,0.166666667,0,0.266666667,0.1,0.166666667,0.266666667,0.066666667,0.066666667,0,0.833333333,0.3,0,0.066666667,0.066666667,0.333333333,0.066666667,0.066666667,0.666666667,0.366666667,0.1,0,0.266666667,0.4,0,0.133333333
AI170,0.142857143,0,0.75,0,0.214285714,0,0,0.5,0.107142857,0,0,0,0,0.892857143,0.285714286,0.464285714,2.107142857,1.357142857,0.821428571,0,0.107142857,0.071428571,0.107142857,0,0,0.071428571,0,0,0,0,0,0.071428571,0,0.107142857,0,0.178571429,0.464285714,0,0,0.035714286,0.285714286,0.392857143,0.071428571,0.785714286,0.071428571,0.5,0.071428571,0.964285714,0.107142857,0.357142857,0.321428571
AI304,0.24137931,0.24137931,0.586206897,0.137931034,0.551724138,0.24137931,0.413793103,0.448275862,0.310344828,0.068965517,0.103448276,0.034482759,0.068965517,1.172413793,0.827586207,0,0.482758621,0.068965517,0,0.068965517,0.172413793,0,0.310344828,0.034482759,0.448275862,0.689655172,0,0,0,0,0,0,0,0.172413793,0.068965517,0.655172414,0.068965517,0,0.034482759,0,0.068965517,0.172413793,0,0.275862069,0.275862069,0.24137931,0.448275862,0.206896552,0.172413793,0.413793103,0.103448276
AI338,0.517241379,0,0.344827586,0,0.24137931,0,0.103448276,0.275862069,0.965517241,0.172413793,0.413793103,0.24137931,0.206896552,1.172413793,0.344827586,0.482758621,0.482758621,0,0,0.275862069,0.413793103,0,0.482758621,0,0,0,0.24137931,0,0.068965517,0.310344828,0.586206897,0,0,0.482758621,0.482758621,0.517241379,0.068965517,0,0,0.344827586,0,0.034482759,0.034482759,0,0,0.137931034,0.068965517,0.103448276,0,0,0.034482759
AI981,0.642857143,0.142857143,0.714285714,0.107142857,0.678571429,0.928571429,0.857142857,0.107142857,0.75,0.535714286,0.392857143,0,0,0.821428571,0.285714286,0.25,0.107142857,0.107142857,0,0,0.285714286,0,0.178571429,0.071428571,0,0.5,0,0,0,0.071428571,0,0,0,0.535714286,0.214285714,0.571428571,0.071428571,0,0,0,0.214285714,0.5,0,0.107142857,0.035714286,0.357142857,0.321428571,0.464285714,0.678571429,0.25,0.142857143
AJ010,0.137931034,0,0.517241379,0,0.103448276,0,0,0.068965517,0.517241379,0,0,0.103448276,0,0.413793103,0.275862069,0.137931034,0.275862069,0.068965517,0.103448276,0.793103448,0.344827586,0.965517241,0.206896552,0.620689655,0,0,0.862068966,0.275862069,1.068965517,0.482758621,0.620689655,0.965517241,0.689655172,0.310344828,0.448275862,0.482758621,0.068965517,0.413793103,0,1.517241379,0,0,0.24137931,0,0.068965517,0.068965517,0,0,0.068965517,0,0
AJ266,0.233333333,0,0.266666667,0.1,0.433333333,0.033333333,0.1,0.366666667,0.266666667,0,0,0,0,1.033333333,0.966666667,0.433333333,0.566666667,1.033333333,1.5,0.8,0.466666667,0.1,0.4,0,0.1,0.133333333,0.133333333,0,0.066666667,0.166666667,0.166666667,0.066666667,0.066666667,0.266666667,0.066666667,0.7,0.166666667,0,0,0.033333333,0.466666667,0,0.066666667,0.133333333,0.266666667,0.333333333,0,0.766666667,0.166666667,0.333333333,0.066666667
AJ283,1.206896552,0.068965517,0.482758621,0,0.931034483,0.103448276,0.275862069,0,0.068965517,0,0,0,0,0.310344828,0.172413793,0.103448276,0.24137931,0.172413793,0.068965517,0.931034483,0.724137931,0.103448276,1.379310345,0.172413793,0,0.103448276,0,0.137931034,0.103448276,0.103448276,0.068965517,0.068965517,0.24137931,0.896551724,0.413793103,1.551724138,0.310344828,0.034482759,0,0,0,0.551724138,0,0,0.24137931,0.344827586,0.172413793,0.137931034,0.137931034,0.310344828,0.137931034
AJ316,0.103448276,0,0.172413793,0,0.24137931,0,0.172413793,0,0.24137931,0,0,0,0,0.413793103,0.172413793,0.206896552,0.344827586,0.379310345,0.206896552,1.586206897,2.137931034,0,1.724137931,0.482758621,0,0,0.103448276,0.379310345,0.620689655,0.103448276,0.034482759,0.034482759,0.068965517,0.24137931,0.137931034,0.655172414,0.068965517,0,0,0.103448276,0,0.24137931,0,0,0.137931034,0.034482759,0.103448276,0,0.448275862,0.24137931,0
AJ481,0.275862069,0.448275862,0.413793103,0,0.379310345,0.172413793,0.24137931,0.275862069,1.413793103,0.310344828,0.75862069,0.620689655,0.275862069,1.586206897,0.24137931,0.310344828,0.275862069,0.034482759,0,0,0.551724138,0,0.793103448,0.275862069,0.275862069,0.482758621,0.034482759,0,0,0.344827586,0.103448276,0,0,0,0,0.413793103,0,0,0,0,0.103448276,0.103448276,0,0.137931034,0.413793103,0.172413793,0,0.034482759,0.344827586,0.310344828,0.275862069
AJ490,0.066666667,0,0.1,0.566666667,0.166666667,0.066666667,0.533333333,0.333333333,1.5,0.2,0.366666667,0.3,0,1.4,0.833333333,0.433333333,0.7,0.2,0,0.1,0.2,0,0.2,0,0,0.1,0,0,0.333333333,0,0,0,0,0.1,0.2,0.6,0.166666667,0,0,0,0.1,0.1,0,0.9,0.6,0.3,0,0.466666667,0,0.233333333,0.1
AJ522,0.172413793,0,0.310344828,0.310344828,0.24137931,0.137931034,0.448275862,0.379310345,2.310344828,0,0,0.827586207,0.103448276,2.517241379,0.620689655,0.310344828,0.896551724,0.103448276,0.068965517,0,0,0,0.172413793,0,0,0.103448276,0,0,0,0.068965517,0.379310345,0,0,0.103448276,0,0.206896552,0,0,0,0.137931034,0.103448276,0,0,0.689655172,0.24137931,0.379310345,0.103448276,0.137931034,0.448275862,0,0
AJ537,0.24137931,0.034482759,0.24137931,0.310344828,0.137931034,0,0.310344828,0.24137931,1.137931034,0,0.724137931,0.75862069,0.24137931,2.068965517,0.965517241,0.344827586,0.482758621,0.724137931,1.413793103,0.137931034,0.310344828,0.24137931,0.068965517,0,0,0.103448276,0,0,0,0,0,0,0,0,0,0.24137931,0,0.103448276,0,0,0.172413793,0.172413793,0.034482759,0.310344828,0.206896552,0.24137931,0,0.689655172,0.172413793,0.103448276,0
AJ661,0.24137931,0.103448276,0.137931034,0.137931034,0.068965517,0.068965517,0.24137931,0.413793103,0.896551724,0.172413793,0.310344828,0,0,0.896551724,0.103448276,0.344827586,0,0.103448276,0,0.862068966,1.068965517,0.689655172,0.793103448,0.379310345,0,0.137931034,0.413793103,0.137931034,0,0.620689655,0.310344828,0.034482759,0.275862069,0.034482759,0,0.24137931,0,0,0,0.413793103,0,0.103448276,0,0.137931034,0.034482759,0.034482759,0,0.068965517,0.172413793,0,0
AK436,0,0.133333333,0.333333333,0.2,0.166666667,0.533333333,0.4,0.333333333,1.033333333,3.433333333,0.466666667,0.433333333,0,1.866666667,0.133333333,0.233333333,0.133333333,0.133333333,0.1,0,0.233333333,0,0,0.1,0,0.2,0.066666667,0,0,0.566666667,0,0,0,0,0,0.066666667,0.1,0,0,0,0,0.066666667,0,0.433333333,0.366666667,0,0.133333333,0.1,0,0,0.266666667
AK494,0.933333333,2.133333333,0.233333333,0,0.066666667,0,0.266666667,0.133333333,0.2,0,0,0,0,0.8,0.1,0.166666667,0,0.033333333,0,0.2,0.1,0,0.166666667,0,0,0.1,0,0,0,0.2,0.233333333,0.1,0,0.333333333,0.133333333,0.833333333,0.066666667,1.3,0,0.2,0,0.166666667,0.1,0.033333333,0.266666667,0.033333333,0.166666667,0.033333333,0.1,0.233333333,0
AK497,0.133333333,0.066666667,0.666666667,0.233333333,0.266666667,0.1,0.533333333,0.166666667,1.5,0.133333333,0.166666667,0.066666667,0.133333333,1.333333333,0.333333333,0.133333333,0.533333333,0,0,0.166666667,0.533333333,0,0.533333333,0.233333333,0,0.133333333,0,0,0,0.266666667,0.433333333,0.033333333,0,0.466666667,0,0.933333333,0.2,0,0,0.033333333,0,0,0.2,0.366666667,0.233333333,0.5,0.333333333,0.2,0.233333333,0.166666667,0.266666667
AK502,0.633333333,0.233333333,0.3,0,0.1,0.3,0.433333333,0.266666667,1.4,2.166666667,0.4,0.3,0,1.9,0.1,0.233333333,0.333333333,0,0,0,0,0,0.1,0,0.033333333,0.166666667,0,0,0,1.1,0.4,0.1,0.3,0,0,0.033333333,0.2,0,0,0,0,0.233333333,0,0.2,0.233333333,0.833333333,0.2,0.066666667,0,0.1,0.3
AK602,0.4,0.033333333,0.5,0.066666667,0.3,0.133333333,0.266666667,0.266666667,1.733333333,0.533333333,0.233333333,0.433333333,0.1,1.933333333,0.5,0.233333333,0.866666667,0.033333333,0.166666667,0.366666667,0.4,0,0.733333333,0.1,0,0.066666667,0,0,0.066666667,0.066666667,0.033333333,0,0,0,0,0.1,0.366666667,0,0,0.1,0.2,0.133333333,0,0.466666667,0.2,0.533333333,0,0.033333333,0.266666667,0.233333333,0
AK717,0.933333333,1.9,0.466666667,0,0.333333333,0,0.3,0.433333333,1.233333333,0,0.366666667,0.3,0,1.633333333,0.166666667,0.633333333,0.133333333,0,0,0.166666667,0.166666667,0,0.1,0,0,0,0.066666667,0,0.266666667,0.266666667,0.1,0.066666667,0,0.233333333,0,0.2,0,0,0,0.066666667,0.066666667,0.1,0,0.233333333,0.066666667,0.1,0,0,0,0.1,0
AK851,0.233333333,0,0.133333333,0.1,0.2,0.433333333,0.4,0.3,0.733333333,3.666666667,0.233333333,0.3,0,1.733333333,0,0.266666667,0.1,0,0,0,0.266666667,0,0,0,0,0.066666667,0,0,0.1,0.466666667,0.066666667,0,0,0.166666667,0,0.6,0.333333333,0,0.133333333,0.066666667,0,0,0.1,0.5,0.266666667,0.7,0.266666667,0,0.133333333,0,0.266666667
AK852,0.3,0,0.433333333,0.233333333,0.333333333,0.533333333,0.533333333,0.333333333,0.966666667,2.833333333,0.466666667,0.566666667,0,1.866666667,0.233333333,0.3,0.2,0,0,0,0,0,0,0.066666667,0.033333333,0.066666667,0,0,0,0.633333333,0.533333333,0.033333333,0,0,0,0.133333333,0,0,0,0,0,0,0,0.233333333,0,0.6,0.1,0.733333333,0,0,0.166666667
AK864,1.833333333,0.033333333,0.366666667,0,0.466666667,0.066666667,0.1,0.066666667,0.166666667,0.1,0.033333333,0,0,0.3,0.333333333,0.166666667,0.1,0.2,0.6,1.1,1.366666667,0.466666667,0.766666667,0,0,0.266666667,0,0.5,0,0.166666667,0.033333333,0.066666667,0,0.7,0.2,1,0,0.066666667,0,0.233333333,0.1,0.066666667,0,0.1,0.033333333,0.533333333,0.1,0.033333333,0.433333333,0.2,0.4
AK895,0.5,0.166666667,0.5,0.1,0.066666667,0.433333333,0.333333333,0.3,0.833333333,2.566666667,0.233333333,0.066666667,0,2.066666667,0.1,0.2,0.366666667,0,0,0,0.166666667,0,0.166666667,0,0,0.133333333,0,0,0.1,0.6,0.266666667,0.133333333,0,0,0,0.166666667,0.266666667,0,0,0,0.1,0,0,0.3,0.1,0.633333333,0.1,0.366666667,0.1,0,0.333333333
AK907,0.433333333,0.233333333,0.266666667,0.033333333,0,0,0.6,0.333333333,1.466666667,0.233333333,0,0.1,0.1,1.433333333,0.066666667,0.133333333,0.566666667,0,0.066666667,0,0.266666667,0.133333333,0.2,0.066666667,0,0.1,0,0,0.066666667,0.9,0.7,0.233333333,0,0.133333333,0,0.5,0.1,0.2,0.033333333,0.5,0,0.066666667,0,0.066666667,0.3,2.233333333,0,0.566666667,0.066666667,0.066666667,0.266666667
AK942,0.166666667,0.2,0.2,0.1,0.166666667,0,0.266666667,0,0.466666667,0.066666667,0,0.166666667,0,0.666666667,0.233333333,0.133333333,0.066666667,0,0.033333333,0.033333333,0,0,0.1,0,0,0.066666667,0.1,0.1,0.366666667,0.933333333,0.333333333,0.066666667,0.066666667,0.166666667,0,0.6,1.5,1.333333333,0.033333333,0.4,0,0.1,0.333333333,0.133333333,0.533333333,2.133333333,0.333333333,0.333333333,0.266666667,0.233333333,0.2
AK975,0.366666667,0,0.2,0,0.033333333,0,0.166666667,0.1,0.666666667,0.166666667,0.1,0,0.133333333,1.2,1.166666667,0.6,0.1,0,0.066666667,0,0.266666667,0.4,0.133333333,0.066666667,0.233333333,0.066666667,0.333333333,0.133333333,0.033333333,0.5,0.2,0.3,0,0.566666667,0.333333333,0.9,0.166666667,0.933333333,0.033333333,0.833333333,0.133333333,0.266666667,0.266666667,0.4,0.133333333,0.4,0.1,0.066666667,0.433333333,0.266666667,0.133333333
AL100,1.233333333,0,0.233333333,0.066666667,0.3,0.2,0.266666667,0.033333333,0.433333333,0.1,0,0,0,0.7,0.366666667,0.333333333,0.3,0.033333333,0.033333333,0.166666667,0,0.066666667,0.266666667,0.266666667,0.1,0.6,0.166666667,0,0.8,0.966666667,0.133333333,0.1,0,0.433333333,0.166666667,1.5,0.2,0.266666667,0.133333333,0.133333333,0.1,0,0.866666667,0.266666667,0.066666667,0.5,0.333333333,0.2,0,0,0.033333333
AL415,0.7,0,0.766666667,0,0.866666667,0.2,0.4,0.3,0.233333333,0.166666667,0.033333333,0,0,0.833333333,0.266666667,0.1,0.233333333,0.166666667,0.033333333,0.966666667,1.566666667,0.266666667,0.533333333,0.166666667,0,0.133333333,0.166666667,0,0.133333333,0.1,0.066666667,0.066666667,0.133333333,0.366666667,0.033333333,0.533333333,0.133333333,0,0,0.266666667,0.2,0.066666667,0.266666667,0.133333333,0.066666667,0.3,0.166666667,0.233333333,0.266666667,0.1,0.166666667
AL426,0.366666667,0,0.233333333,0,0.833333333,0.2,0.233333333,0,0.133333333,0.1,0,0.033333333,0,0.2,0.233333333,0.066666667,0.266666667,0.033333333,0.266666667,0.933333333,1.7,0,0.833333333,0,0,0.366666667,0,0.066666667,0,0,0,0,0.033333333,0.766666667,0.1,0.966666667,0,0,0,0,0.433333333,0.4,0,0,0.133333333,0.233333333,0.533333333,0,0.533333333,0.166666667,0.366666667
AL508,1.2,0.066666667,0.666666667,0.033333333,0.666666667,0.3,0.2,0,0.166666667,0.2,0.4,0.133333333,0,0.633333333,0.1,0.133333333,0.1,0,0.066666667,0.433333333,0.8,0,0.5,0,0,0.066666667,0,0,0.033333333,0.333333333,0.5,0.066666667,0.133333333,0.333333333,0.133333333,1.166666667,0,0.1,0,0.266666667,0.366666667,0.233333333,0.166666667,0,0.233333333,0.066666667,0.133333333,0,0.466666667,0.266666667,0.333333333
AL541,0.6,0,0.733333333,1.466666667,0.633333333,0.1,0.566666667,0,0.533333333,0.066666667,0.066666667,0,0,1.833333333,0.5,0.466666667,0.7,0,0,0.1,0,0,0.066666667,0,0.133333333,0.1,0.066666667,0,0.066666667,0.166666667,0.3,0,0,0.4,0,0.8,0.166666667,0.033333333,0.1,0.133333333,0.1,0.033333333,0.233333333,0.066666667,0.533333333,0,0.2,0.033333333,0.066666667,0.2,0.1
AL657,0.933333333,0.133333333,0.333333333,0.433333333,0.266666667,0.133333333,0.833333333,0.333333333,2,0.266666667,0.9,0.433333333,0.233333333,2.066666667,0.266666667,0.4,0.166666667,0,0,0.066666667,0.066666667,0.166666667,0.233333333,0.066666667,0.033333333,0.266666667,0,0,0.166666667,0.133333333,0.3,0,0.066666667,0.166666667,0,0.133333333,0,0,0,0.1,0,0.233333333,0.066666667,0,0.1,0.366666667,0,0.5,0.2,0,0.066666667
AL728,1,0.366666667,1.066666667,0.166666667,0.9,0.433333333,0.4,0.066666667,0.5,0.033333333,0.033333333,0,0,0.4,0.166666667,0.066666667,0.2,0.1,0.166666667,0.333333333,0.866666667,0,0.433333333,0,0,0.333333333,0,0.1,0.033333333,0.5,0.4,0.066666667,0.033333333,0.566666667,0.233333333,0.933333333,0.166666667,0,0,0,0.366666667,0,0,0,0.166666667,0.333333333,0.2,0,0.5,0.233333333,0.2
AL806,1.266666667,0.066666667,1.166666667,0,0.7,0.266666667,0.366666667,0,0.533333333,0.266666667,0,0,0,0.733333333,0,0.1,0,0.1,0,0,0.166666667,0,0.033333333,0,0,0,0,0,0,0.466666667,0.166666667,0,0,0.5,0.133333333,0.8,0.1,0.366666667,0,0.066666667,0.533333333,0,0,0.033333333,0.133333333,0.033333333,0.2,0,0.6,0.333333333,0.033333333
AL860,1.166666667,0.1,0.833333333,0.233333333,0.6,0.233333333,0.433333333,0,0.5,0.3,0.133333333,0.066666667,0,0.733333333,0.066666667,0.1,0.2,0,0,0,0.166666667,0,0.066666667,0,0,0.1,0,0,0,0.066666667,0.266666667,0,0,0.366666667,0.1,0.8,0.1,0.133333333,0.066666667,0.033333333,0.733333333,0.066666667,0,0.033333333,0.133333333,0.133333333,0.8,0,1.033333333,0.2,0.166666667
AL869,0.5,0,0.433333333,0.4,0.3,0.133333333,0.966666667,0,1.566666667,0.266666667,0.533333333,0.733333333,0.266666667,2.1,0.366666667,0.466666667,0,0,0,0.233333333,0.5,0,0.6,0.233333333,0.033333333,0.533333333,0.133333333,0,0.433333333,0.2,0.033333333,0,0,0.233333333,0,0.333333333,0.333333333,0,0,0,0,0,0.1,0,0.233333333,0.433333333,0,0.4,0,0,0
AM043,0.5,0,0.733333333,0,0.333333333,0.166666667,1.566666667,1.4,0.2,0,0,0.2,0,1.166666667,0.066666667,0.233333333,0.1,0.066666667,0.066666667,0.066666667,0.233333333,0,0.133333333,0,0.033333333,0.366666667,0.1,0,0,0,0.066666667,0.066666667,0,0,0,0.266666667,0.066666667,0,0,0,0,0.2,0.4,0.1,0.033333333,0.1,0,0.1,0,0.5,0.266666667
AM082,0.2,0,0.233333333,0.1,0.666666667,0.1,0.4,0.3,1.566666667,0.266666667,0.233333333,0.666666667,0,1.233333333,0.266666667,0.266666667,0.266666667,0,0.133333333,0.366666667,0.533333333,0,0.333333333,0.066666667,0.133333333,0.066666667,0.066666667,0,0.266666667,0.1,0.6,0,0,0.3,0,0.266666667,0,0,0,0,0.3,0.166666667,0,0.5,0.633333333,0.2,0.233333333,0.4,0,0,0.133333333
AM172,0.266666667,0,0.3,0.366666667,0.266666667,0,0.133333333,0.2,0.166666667,0,0,0,0,0.766666667,0.166666667,0.166666667,0.4,0.166666667,0,0.366666667,0.133333333,0.333333333,0.233333333,0.133333333,0,0.233333333,0.1,0,0.266666667,0.4,0.266666667,0.6,0.366666667,0.266666667,0.3,0.9,0.066666667,0.666666667,0.633333333,2.033333333,0.1,0,0.133333333,0,0.233333333,0.2,0,0,0.3,0.166666667,0
AM349,0.8,1.3,0.833333333,0.133333333,0.333333333,0,0.433333333,0.066666667,1.433333333,0.066666667,0.8,0,0,1.5,0.3,0.3,0.366666667,0,0,0.166666667,0.233333333,0,0.366666667,0.066666667,0,0.1,0,0,0.133333333,0.633333333,0.433333333,0.166666667,0.666666667,0,0.033333333,0.366666667,0,0,0,0,0.1,0,0,0.2,0.2,0.133333333,0.1,0.2,0,0.033333333,0.166666667
AM361,0.533333333,0.1,0.633333333,1,0.833333333,0.1,0.466666667,0.466666667,0.166666667,0,0.1,0,0.133333333,1.3,0.433333333,0.3,0.466666667,0,0.066666667,0.1,0.266666667,0,0.066666667,0,0.066666667,0.4,0,0,0,0.066666667,0.3,0,0,0.1,0,0.9,0.3,0,0,0,0.3,0,0.133333333,0.3,0.1,0.2,0,0.6,0.166666667,0.1,0.033333333
AM430,0.4,0.033333333,0.866666667,0.666666667,0.9,0,0.5,0.2,0.233333333,0,0.2,0,0,1.3,0.5,0.566666667,0.466666667,0,0,0.1,0.133333333,0,0.2,0,0.233333333,0.366666667,0.1,0.033333333,0,0.066666667,0.266666667,0,0,0,0.033333333,0.266666667,0,0,0,0,0.066666667,0.066666667,0,0.3,0.233333333,0.266666667,0.1,0.066666667,0.4,0.2,0.066666667
AM461,0.266666667,0,0.9,0.1,0.666666667,0.266666667,1.7,1.3,0.4,0.2,0.233333333,0.066666667,0.1,0.733333333,0.266666667,0.233333333,0.166666667,0.033333333,0,0.066666667,0.233333333,0.1,0.133333333,0.066666667,0,0.2,0.133333333,0,0,0.2,0.033333333,0,0,0.033333333,0,0.233333333,0,0,0,0,0.033333333,0,0.3,0.1,0,0,0,0.266666667,0,0.2,0.066666667
AM706,0.333333333,0.1,0.3,0.133333333,0.3,0,0.3,0.066666667,0.4,0,0.133333333,0.3,0,0.666666667,0,0.1,0,0,0,0.133333333,0.233333333,0,0.166666667,0.033333333,0,0,0.266666667,0.133333333,0.633333333,0.533333333,0,0.633333333,0.066666667,0.1,0.2,1.066666667,0.233333333,0.266666667,0.466666667,1.533333333,0.2,0.1,0.1,0,0.066666667,0.233333333,0,0.066666667,0.266666667,0.133333333,0.4
AM782,0.933333333,1.866666667,1.2,0,0.866666667,0.1,1,0.1,0.966666667,0,0.566666667,0,0.1,1,0.333333333,0.233333333,0.166666667,0,0,0.4,0.566666667,0,0.033333333,0,0.1,0.033333333,0,0.166666667,0.066666667,0.133333333,0.333333333,0.1,0.166666667,0,0,0.366666667,0,0.066666667,0,0.1,0,0,0,0.066666667,0.133333333,0,0.133333333,0.066666667,0.133333333,0.166666667,0
AM810,0.633333333,0,0.266666667,0.266666667,0.4,0.6,1.233333333,0.7,0.533333333,0.2,0.1,0.066666667,0.1,1.6,0.166666667,0.6,0,0.066666667,0,0,0,0,0,0,0.866666667,1.233333333,0,0,0,0,0,0,0,0.3,0,0.233333333,0,0,0,0,0,0,0.133333333,0.5,0.666666667,0.2,0.2,0.066666667,0,0.2,0.133333333
AM840,0.433333333,0.033333333,0.533333333,1,0.366666667,0,0.9,0.8,0.6,0,0.1,0.333333333,0.066666667,1.533333333,0.2,0.233333333,0.1,0,0,0.2,0.433333333,0,0.233333333,0.033333333,0,0,0.066666667,0.1,0.2,0.4,0.233333333,0,0,0,0,0.466666667,0,0,0,0,0.333333333,0.166666667,0.166666667,0.133333333,0.633333333,0.166666667,0.2,0.133333333,0,0.133333333,0.233333333
AM997,0.5,0,0.4,0.133333333,0.5,0.233333333,0.266666667,0.5,0.233333333,0,0.133333333,0,0.133333333,0.633333333,0.2,0.2,0,0.433333333,0.066666667,0.566666667,0.733333333,0.466666667,0.3,0,0.066666667,0.066666667,0,0,0.233333333,0.4,0.333333333,0.566666667,1.3,0.566666667,0.133333333,1.2,0,0,0,0,0.3,0.066666667,0,0,0.066666667,0,0.033333333,0.166666667,0.066666667,0,0.166666667
AN087,0.8,0,1.5,0.1,1.466666667,0.533333333,0.266666667,0.133333333,0.433333333,0.066666667,0,0.133333333,0,0.466666667,0.1,0.166666667,0.433333333,0.2,0.366666667,0.766666667,1.466666667,0.366666667,0.7,0.166666667,0,0.233333333,0,0.1,0,0.2,0.166666667,0.1,0.333333333,0.1,0.066666667,0.666666667,0,0,0,0,0.366666667,0.166666667,0.033333333,0,0,0,0.2,0,0.333333333,0.133333333,0.266666667
AN268,0.633333333,0.1,0.633333333,0.3,0.333333333,0.166666667,0.033333333,0.4,0.266666667,0,0,0.1,0,1.066666667,0.466666667,0.233333333,0.4,0.3,0.166666667,1.333333333,1.966666667,0.1,1.166666667,0.066666667,0,0.166666667,0.1,0.133333333,0.233333333,0.066666667,0.033333333,0,0,0.533333333,0.1,1.3,0,0,0,0.033333333,0.066666667,0.166666667,0,0.066666667,0.166666667,0.066666667,0,0.166666667,0.2,0.2,0.166666667
AN565,0.733333333,0,1.033333333,0.233333333,1.566666667,0.466666667,0.466666667,0.1,0.3,0.166666667,0.133333333,0,0,0.966666667,0.3,0.266666667,0.1,0.266666667,0.133333333,0,0.333333333,0.133333333,0,0,0,0.466666667,0,0,0.233333333,0.333333333,0.266666667,0,0,0.366666667,0,0.433333333,0,0,0,0,0.633333333,0.166666667,0.1,0.3,0.166666667,0.233333333,0,0.133333333,0.266666667,0.266666667,0.3
AN739,0.733333333,0.133333333,0.933333333,0.1,1.566666667,0.266666667,0.066666667,0.733333333,0.1,0,0,0,0,0.766666667,0.233333333,0.133333333,0.333333333,0.466666667,0.1,0.333333333,0.633333333,0,0.3,0,0,0.3,0,0,0,0,0.033333333,0,0,0.6,0.033333333,1.566666667,0,0,0,0,1.033333333,0.6,0,0.266666667,0.066666667,0.033333333,0.066666667,0.1,0.7,0.466666667,0.033333333
AN885,0.066666667,0,0.666666667,0.066666667,1.1,0.233333333,0.433333333,0.633333333,0.266666667,0,0.133333333,0.033333333,0.2,1.433333333,0.8,0.633333333,3.1,0.466666667,0.4,0.066666667,0,0,0.066666667,0,0,0,0,0,0,0.133333333,0,0.1,0,0.066666667,0,0.3,0,0,0,0,0,0.2,0.066666667,0.533333333,0.033333333,0.166666667,0,0,0.033333333,0.033333333,0.033333333
AO080,0.766666667,0.066666667,1.233333333,0.4,0.533333333,0.5,0.7,0.366666667,1.5,0.333333333,0.6,1.233333333,0.166666667,1.5,0.366666667,0.266666667,0.2,0.066666667,0.066666667,0,0.1,0,0,0.066666667,0,0.433333333,0.033333333,0.033333333,0.033333333,0.2,0.433333333,0.133333333,1,0.1,0.166666667,0.5,0.033333333,0,0,0.2,0.066666667,0.4,0.066666667,0.2,0.266666667,0.566666667,0.166666667,0.066666667,0.066666667,0.2,0
AO091,0.1,0.166666667,0.2,1.3,0.166666667,0.133333333,0.533333333,0.666666667,0.6,0.266666667,0.166666667,0.2,0.333333333,1.533333333,0.766666667,0.733333333,0.333333333,0,0.066666667,0.933333333,1.166666667,0,0.4,0.166666667,0.366666667,0.7,0.133333333,0.1,0.2,0.2,0.066666667,0.066666667,0,0,0,0.4,0.133333333,0,0,0.033333333,0.1,0.133333333,0,0.066666667,0.2,0.033333333,0.433333333,0.466666667,0.133333333,0.166666667,0
AO235,0.333333333,0.133333333,0.233333333,0.533333333,0.6,0.5,0.566666667,0.6,1.5,0,0.3,0.233333333,0.3,1.766666667,0.366666667,0.5,0.366666667,0.133333333,0.033333333,0.066666667,0.166666667,0.166666667,0.066666667,0.033333333,0,0.066666667,0.033333333,0,0,0.133333333,0,0.033333333,0,0.133333333,0.066666667,0.366666667,0.266666667,0,0,0.066666667,0.333333333,0.3,0.033333333,0.133333333,0.1,0,0,0,0.766666667,0.133333333,0
AO309,0.266666667,0.033333333,0.366666667,0.066666667,0.3,0.066666667,0.433333333,0.4,2.8,0.3,0.933333333,1.6,0.2,2.466666667,0.3,0.333333333,0.133333333,0.033333333,0,0.066666667,0,0,0.1,0.166666667,0.3,0.4,0,0,0,0.166666667,0.366666667,0,0,0,0,0.366666667,0,0,0,0,0,0.233333333,0,0.066666667,0.066666667,0.066666667,0,0.133333333,0.166666667,0,0
AO882,0.233333333,0,0.433333333,0.166666667,0.3,0,0.533333333,0.433333333,0.433333333,0,0,0.033333333,0,1.366666667,0.5,0.433333333,0.166666667,0.066666667,0,0.866666667,1.266666667,0.433333333,0.933333333,0.3,0.433333333,0.233333333,0.933333333,0.066666667,0.5,0.266666667,0.366666667,0.133333333,0.133333333,0.1,0.066666667,0.6,0,0.1,0.166666667,1.033333333,0.3,0.2,0,0.133333333,0.233333333,0,0,0.066666667,0.066666667,0.266666667,0.033333333
AP048,0,0,0,0.033333333,0.333333333,0.133333333,0.266666667,0.166666667,0.266666667,0.066666667,0.066666667,0.066666667,0.233333333,1.366666667,1.733333333,0.766666667,0.533333333,0.1,0.6,0.833333333,0.666666667,0,0.6,0,0.033333333,0.066666667,0.866666667,0.433333333,0.166666667,0.166666667,0.266666667,0,0,0.3,0,0.7,0.166666667,0,0,0,0.533333333,0.333333333,0,0,0.1,0.233333333,0,0.666666667,0.4,0,0.066666667
AP182,0.233333333,0,0.5,0.266666667,0.433333333,0.033333333,1.166666667,0.8,1.133333333,0.1,0.133333333,0.433333333,0.1,1.7,0.366666667,0.433333333,0.3,0,0,0.066666667,0,0,0,0.133333333,0.033333333,0.433333333,0.866666667,0.133333333,0.333333333,0.366666667,0.433333333,0.6,0.033333333,0.1,0.1,0.4,0,0,0.3,1.1,0.166666667,0.133333333,0.366666667,0,0.066666667,0,0,0.166666667,0.2,0.166666667,0
AP283,0.133333333,0.1,0.433333333,0.1,1.3,0.7,0.866666667,0.6,0.166666667,0.3,0.066666667,0,0,0.5,0.433333333,0.5,0.266666667,0.333333333,0.266666667,0.133333333,0,0,0,0,0,0.133333333,0,0,0,0.233333333,0.133333333,0.033333333,0,0.366666667,0.066666667,0.8,0.5,0,0,0,0.433333333,0,0,0,0,0.5,0.333333333,0.9,0.133333333,0.166666667,0.2
AP450,0.466666667,0.133333333,0.366666667,0.2,0.333333333,0.233333333,0.233333333,0.533333333,1.266666667,0.166666667,0.733333333,0.633333333,0,2.166666667,0.5,0.4,0.066666667,0.133333333,0.033333333,0.9,1.133333333,0,0.933333333,0.133333333,0.1,0.066666667,0.133333333,0.066666667,0,0.166666667,0.066666667,0,0,0,0,0.566666667,0.2,0,0,0,0.133333333,0.066666667,0.033333333,0.2,0.2,0.166666667,0.133333333,0.5,0.133333333,0.133333333,0.1
AP679,0.1,0,0.233333333,0.3,0.333333333,0.2,0.4,0.133333333,0.933333333,0,0.5,0.333333333,0.1,1.466666667,0.5,0.533333333,0,0.033333333,0,0.166666667,0.166666667,0.066666667,0.4,0,0.266666667,0.1,0.866666667,0.133333333,0.266666667,0.5,0.9,0.366666667,0.033333333,0.166666667,0.166666667,0.8,0.366666667,0.033333333,0.3,1.1,0.266666667,0.3,0.066666667,0.133333333,0.166666667,0.1,0.166666667,0.1,0.4,0.333333333,0
AP810,0.433333333,0.1,0.5,1.8,0.666666667,0.333333333,0.6,0.4,1.033333333,0.066666667,0.566666667,0.466666667,0.533333333,1.7,0.666666667,0.366666667,0.333333333,0,0,0.233333333,0.2,0,0,0,0,0.266666667,0.066666667,0.033333333,0.233333333,0.5,0.5,0,0,0.133333333,0,0.366666667,0.1,0,0,0,0.333333333,0.366666667,0.1,0.233333333,0.6,0.333333333,0.166666667,0.366666667,0.133333333,0.066666667,0.066666667
AP839,0.233333333,0,0.3,0,0,0,0,0.066666667,0.266666667,0,0.066666667,0.1,0,0.4,0.533333333,0.266666667,0.266666667,0,0,0.4,0.133333333,0.433333333,0.133333333,0.133333333,0,0.366666667,0.266666667,0.2,1.966666667,0.966666667,0.8,1.333333333,2.466666667,0.033333333,0.5,0.533333333,0,0.1,0.266666667,0.966666667,0,0,0.1,0,0,0.4,0,0.133333333,0.1,0,0.066666667
AP858,0.333333333,0,0.5,1.466666667,0.233333333,0.033333333,0.3,0,0.333333333,0,0,0.133333333,0,1,0.333333333,0.133333333,0.333333333,0.066666667,0,0.733333333,0.966666667,0.366666667,0.133333333,0.266666667,0,0.2,0.3,0.166666667,0.333333333,0.233333333,0.533333333,1.066666667,0.233333333,0.033333333,0.033333333,0.866666667,0.233333333,0.1,0.1,0.866666667,0.366666667,0.266666667,0.366666667,0.166666667,0.533333333,0.1,0.033333333,0.3,0.1,0.066666667,0